orientation,household,decoration,residence_id,unit_price,house_type,property_type,residence_url,house_owner,mortgage,area,elevator,build_type,heating_style,structure,lj_num,total_floor,crawl_time,listing_date,last_deal,house_backup,inner_area,total_price,build_struct,ring_num,url,house_age,floor,house_type_struct
南 北,一梯两户,其他,0,13846,普通住宅,已购公房,,暂无数据,暂无数据,65㎡,暂无数据,暂无数据,,2室1厅1厨1卫,103101742359,7,2017-09-21 13:51:52,2017-09-20,暂无数据,未上传房本照片,暂无数据,90,未知结构, ,https://hf.lianjia.com/ershoufang/103101742359.html,暂无数据,低楼层,暂无数据
南,一梯两户,其他,0,21780,普通住宅,商品房,,暂无数据,暂无数据,142.33㎡,暂无数据,板楼,,4室2厅1厨2卫,103101743374,11,2017-09-21 13:51:52,2017-09-20,暂无数据,未上传房本照片,暂无数据,310,未知结构, ,https://hf.lianjia.com/ershoufang/103101743374.html,暂无数据,高楼层,暂无数据
南 北,一梯两户,其他,0,10804,普通住宅,商品房,,非共有,暂无数据,89.78㎡,暂无数据,暂无数据,,4室1厅1厨1卫,103101743995,5,2017-09-21 13:51:52,2017-09-20,2009-08-12,已上传房本照片,暂无数据,97,未知结构, ,https://hf.lianjia.com/ershoufang/103101743995.html,满五年,高楼层,暂无数据
南 北,一梯两户,其他,0,15631,普通住宅,商品房,,暂无数据,暂无数据,76.77㎡,暂无数据,暂无数据,,2室2厅1厨1卫,103101742410,6,2017-09-21 13:51:52,2017-09-20,暂无数据,未上传房本照片,暂无数据,120,未知结构, ,https://hf.lianjia.com/ershoufang/103101742410.html,暂无数据,低楼层,暂无数据
北,一梯十一户,其他,0,15939,普通住宅,商品房,,暂无数据,暂无数据,45.8㎡,暂无数据,板塔结合,,1室1厅1厨1卫,103101741625,29,2017-09-21 13:51:52,2017-09-20,暂无数据,未上传房本照片,暂无数据,73,钢混结构, ,https://hf.lianjia.com/ershoufang/103101741625.html,暂无数据,中楼层,暂无数据
南,一梯九户,其他,0,11951,普通住宅,商品房,,暂无数据,暂无数据,82㎡,暂无数据,板楼,,2室1厅1厨1卫,103101744900,22,2017-09-21 13:51:53,2017-09-21,暂无数据,未上传房本照片,暂无数据,98,未知结构, ,https://hf.lianjia.com/ershoufang/103101744900.html,暂无数据,低楼层,暂无数据
南,一梯十八户,其他,0,23059,普通住宅,商品房,,暂无数据,暂无数据,52.04㎡,暂无数据,板楼,,1室2厅1厨2卫,103101744993,24,2017-09-21 13:51:53,2017-09-21,暂无数据,未上传房本照片,暂无数据,120,钢混结构, ,https://hf.lianjia.com/ershoufang/103101744993.html,暂无数据,高楼层,暂无数据
南,一梯两户,其他,0,20135,普通住宅,商品房,,非共有,暂无数据,142.04㎡,暂无数据,板楼,,4室2厅1厨2卫,103101744429,11,2017-09-21 13:51:54,2017-09-20,2009-12-18,已上传房本照片,暂无数据,286,未知结构, ,https://hf.lianjia.com/ershoufang/103101744429.html,满五年,中楼层,暂无数据
南,一梯五户,其他,0,19101,普通住宅,商品房,,暂无数据,暂无数据,89㎡,暂无数据,板塔结合,,2室2厅1厨1卫,103101744691,25,2017-09-21 13:51:54,2017-09-20,暂无数据,未上传房本照片,暂无数据,170,钢混结构, ,https://hf.lianjia.com/ershoufang/103101744691.html,暂无数据,中楼层,暂无数据
南,一梯两户,其他,0,20176,普通住宅,商品房,,暂无数据,暂无数据,53.53㎡,暂无数据,暂无数据,,2室1厅1厨1卫,103101745089,6,2017-09-21 13:51:54,2017-09-21,暂无数据,未上传房本照片,暂无数据,108,未知结构, ,https://hf.lianjia.com/ershoufang/103101745089.html,暂无数据,中楼层,暂无数据
南,一梯二十八户,其他,0,14499,普通住宅,商品房,,暂无数据,暂无数据,48.28㎡,暂无数据,暂无数据,,1室1厅1厨1卫,103101742294,26,2017-09-21 13:52:01,2017-09-20,暂无数据,未上传房本照片,暂无数据,70,未知结构, ,https://hf.lianjia.com/ershoufang/103101742294.html,暂无数据,高楼层,暂无数据
南,一梯三十二户,其他,0,22642,商住两用,商品房,,暂无数据,暂无数据,53㎡,暂无数据,暂无数据,,2室2厅1厨2卫,103101742330,20,2017-09-21 13:52:01,2017-09-20,暂无数据,未上传房本照片,暂无数据,120,未知结构, ,https://hf.lianjia.com/ershoufang/103101742330.html,暂无数据,高楼层,暂无数据
南,一梯三十二户,其他,0,22090,商住两用,商品房,,暂无数据,暂无数据,67㎡,暂无数据,暂无数据,,4室2厅1厨2卫,103101742573,20,2017-09-21 13:52:01,2017-09-20,暂无数据,未上传房本照片,暂无数据,148,未知结构, ,https://hf.lianjia.com/ershoufang/103101742573.html,暂无数据,高楼层,暂无数据
南,一梯二十八户,其他,0,15205,普通住宅,商品房,,暂无数据,暂无数据,28.28㎡,暂无数据,暂无数据,,1室1厅1厨1卫,103101745756,26,2017-09-21 13:52:01,2017-09-21,暂无数据,未上传房本照片,暂无数据,43,未知结构, ,https://hf.lianjia.com/ershoufang/103101745756.html,暂无数据,中楼层,暂无数据
南 北,一梯两户,其他,0,13871,普通住宅,商品房,,暂无数据,暂无数据,129.77㎡,暂无数据,板楼,,3室2厅1厨2卫,103101743344,11,2017-09-21 13:52:09,2017-09-20,暂无数据,未上传房本照片,暂无数据,180,未知结构, ,https://hf.lianjia.com/ershoufang/103101743344.html,暂无数据,中楼层,暂无数据
南,一梯两户,其他,0,21429,普通住宅,商品房,,暂无数据,暂无数据,133㎡,暂无数据,塔楼,,4室2厅1厨2卫,103101743116,24,2017-09-21 13:52:15,2017-09-20,暂无数据,未上传房本照片,暂无数据,285,钢混结构, ,https://hf.lianjia.com/ershoufang/103101743116.html,暂无数据,高楼层,暂无数据
南,一梯两户,其他,0,18141,普通住宅,商品房,,暂无数据,暂无数据,71.66㎡,暂无数据,板楼,,2室2厅1厨1卫,103101745326,6,2017-09-21 13:52:15,2017-09-21,暂无数据,未上传房本照片,暂无数据,130,钢混结构, ,https://hf.lianjia.com/ershoufang/103101745326.html,暂无数据,中楼层,暂无数据
南,一梯两户,其他,0,26786,普通住宅,商品房,,暂无数据,暂无数据,168㎡,暂无数据,板塔结合,,4室2厅1厨3卫,103101745602,41,2017-09-21 13:52:16,2017-09-21,暂无数据,未上传房本照片,暂无数据,450,钢混结构, ,https://hf.lianjia.com/ershoufang/103101745602.html,暂无数据,高楼层,暂无数据
南,一梯三户,其他,0,20144,普通住宅,商品房,,暂无数据,暂无数据,139㎡,暂无数据,板塔结合,,3室2厅1厨2卫,103101741537,31,2017-09-21 13:52:48,2017-09-20,暂无数据,未上传房本照片,暂无数据,280,钢混结构, ,https://hf.lianjia.com/ershoufang/103101741537.html,暂无数据,高楼层,暂无数据
南,一梯四户,其他,0,17279,普通住宅,商品房,,暂无数据,暂无数据,136㎡,暂无数据,板塔结合,,3室2厅1厨2卫,103101744167,31,2017-09-21 13:52:49,2017-09-20,暂无数据,未上传房本照片,暂无数据,235,钢混结构, ,https://hf.lianjia.com/ershoufang/103101744167.html,暂无数据,低楼层,暂无数据
南,一梯十六户,其他,0,16596,普通住宅,商品房,,暂无数据,暂无数据,47㎡,暂无数据,板楼,,2室1厅1厨1卫,103101742173,20,2017-09-21 13:52:53,2017-09-20,暂无数据,未上传房本照片,暂无数据,78,未知结构, ,https://hf.lianjia.com/ershoufang/103101742173.html,暂无数据,中楼层,暂无数据
北,一梯十六户,其他,0,17540,普通住宅,商品房,,暂无数据,暂无数据,47.89㎡,暂无数据,板楼,,2室2厅1厨1卫,103101742424,20,2017-09-21 13:52:54,2017-09-20,暂无数据,未上传房本照片,暂无数据,84,未知结构, ,https://hf.lianjia.com/ershoufang/103101742424.html,暂无数据,高楼层,暂无数据
南,一梯十七户,其他,0,13871,普通住宅,商品房,,暂无数据,暂无数据,46.86㎡,暂无数据,塔楼,,1室1厅1厨1卫,103101743637,32,2017-09-21 13:52:54,2017-09-20,暂无数据,未上传房本照片,暂无数据,65,未知结构, ,https://hf.lianjia.com/ershoufang/103101743637.html,暂无数据,低楼层,暂无数据
南,一梯二十户,其他,0,17524,普通住宅,商品房,,暂无数据,暂无数据,61.63㎡,暂无数据,暂无数据,,2室1厅1厨1卫,103101744986,32,2017-09-21 13:52:54,2017-09-21,暂无数据,未上传房本照片,暂无数据,108,未知结构, ,https://hf.lianjia.com/ershoufang/103101744986.html,暂无数据,中楼层,暂无数据
南,一梯四户,其他,0,15408,普通住宅,商品房,,暂无数据,暂无数据,64.9㎡,暂无数据,板楼,,2室1厅1厨1卫,103101745260,6,2017-09-21 13:52:54,2017-09-21,暂无数据,未上传房本照片,暂无数据,100,未知结构, ,https://hf.lianjia.com/ershoufang/103101745260.html,暂无数据,中楼层,暂无数据
南 北,一梯两户,其他,0,13136,普通住宅,商品房,,暂无数据,暂无数据,118㎡,暂无数据,暂无数据,,3室1厅1厨1卫,103101746007,6,2017-09-21 13:52:55,2017-09-21,暂无数据,未上传房本照片,暂无数据,155,未知结构, ,https://hf.lianjia.com/ershoufang/103101746007.html,暂无数据,高楼层,暂无数据
南,一梯三户,其他,0,17245,普通住宅,商品房,,暂无数据,暂无数据,127.57㎡,暂无数据,塔楼,,3室2厅1厨1卫,103101741478,33,2017-09-21 13:52:58,2017-09-20,暂无数据,未上传房本照片,暂无数据,220,钢混结构, ,https://hf.lianjia.com/ershoufang/103101741478.html,暂无数据,中楼层,暂无数据
南,一梯三户,其他,0,18333,普通住宅,商品房,,暂无数据,暂无数据,120㎡,暂无数据,塔楼,,3室2厅1厨1卫,103101741536,28,2017-09-21 13:52:58,2017-09-20,暂无数据,未上传房本照片,暂无数据,220,钢混结构, ,https://hf.lianjia.com/ershoufang/103101741536.html,暂无数据,高楼层,暂无数据
南 北,一梯两户,其他,0,17029,普通住宅,商品房,,暂无数据,暂无数据,138㎡,暂无数据,塔楼,,3室2厅1厨2卫,103101742022,33,2017-09-21 13:52:58,2017-09-20,暂无数据,未上传房本照片,暂无数据,235,钢混结构, ,https://hf.lianjia.com/ershoufang/103101742022.html,暂无数据,低楼层,暂无数据
南,一梯四户,其他,0,24157,普通住宅,商品房,,暂无数据,暂无数据,89㎡,暂无数据,塔楼,,3室2厅1厨1卫,103101742829,34,2017-09-21 13:52:58,2017-09-20,暂无数据,未上传房本照片,暂无数据,215,钢混结构, ,https://hf.lianjia.com/ershoufang/103101742829.html,暂无数据,高楼层,暂无数据
南 北,一梯四户,精装,0,21208,普通住宅,商品房,,共有,有抵押 25万元,93.36㎡,暂无数据,板塔结合,,3室2厅1厨1卫,103101742382,33,2017-09-21 13:52:59,2017-09-20,暂无数据,未上传房本照片,暂无数据,198,钢混结构, ,https://hf.lianjia.com/ershoufang/103101742382.html,暂无数据,低楼层,暂无数据
南,一梯四户,其他,0,17895,普通住宅,商品房,,暂无数据,暂无数据,95㎡,暂无数据,塔楼,,2室2厅1厨1卫,103101743377,33,2017-09-21 13:52:59,2017-09-20,暂无数据,未上传房本照片,暂无数据,170,钢混结构, ,https://hf.lianjia.com/ershoufang/103101743377.html,暂无数据,高楼层,暂无数据
南,一梯九户,其他,0,10176,商住两用,商品房,,暂无数据,暂无数据,76.65㎡,暂无数据,塔楼,,2室1厅1厨1卫,103101743602,39,2017-09-21 13:52:59,2017-09-20,暂无数据,未上传房本照片,暂无数据,78,钢混结构, ,https://hf.lianjia.com/ershoufang/103101743602.html,暂无数据,低楼层,暂无数据
南 北,一梯两户,其他,0,25850,普通住宅,商品房,,非共有,暂无数据,154.74㎡,暂无数据,板楼,,3室2厅1厨2卫,103101744131,6,2017-09-21 13:52:59,2017-09-20,2016-07-18,已上传房本照片,127.62㎡,400,钢混结构, ,https://hf.lianjia.com/ershoufang/103101744131.html,暂无数据,低楼层,暂无数据
南,一梯十二户,其他,0,16103,普通住宅,商品房,,非共有,暂无数据,55.89㎡,暂无数据,塔楼,,2室2厅1厨1卫,103101744291,28,2017-09-21 13:53:00,2017-09-20,2010-03-31,已上传房本照片,55㎡,90,未知结构, ,https://hf.lianjia.com/ershoufang/103101744291.html,满五年,低楼层,暂无数据
南,一梯四户,其他,0,17212,普通住宅,商品房,,暂无数据,暂无数据,110.39㎡,暂无数据,塔楼,,3室2厅1厨2卫,103101744156,30,2017-09-21 13:53:00,2017-09-20,暂无数据,未上传房本照片,暂无数据,190,钢混结构, ,https://hf.lianjia.com/ershoufang/103101744156.html,暂无数据,低楼层,暂无数据
南 北,一梯四户,其他,0,23500,普通住宅,商品房,,暂无数据,暂无数据,82㎡,暂无数据,塔楼,,2室2厅1厨1卫,103101744844,34,2017-09-21 13:53:00,2017-09-20,暂无数据,未上传房本照片,暂无数据,192.7,未知结构, ,https://hf.lianjia.com/ershoufang/103101744844.html,暂无数据,中楼层,暂无数据
南 北,一梯四户,其他,0,20743,普通住宅,商品房,,暂无数据,暂无数据,106.06㎡,暂无数据,暂无数据,,3室2厅1厨1卫,103101744969,32,2017-09-21 13:53:00,2017-09-21,暂无数据,未上传房本照片,暂无数据,220,未知结构, ,https://hf.lianjia.com/ershoufang/103101744969.html,暂无数据,中楼层,暂无数据
南 北,一梯四户,其他,0,22429,普通住宅,商品房,,暂无数据,暂无数据,93.63㎡,暂无数据,板塔结合,,3室2厅1厨1卫,103101745256,33,2017-09-21 13:53:01,2017-09-21,暂无数据,未上传房本照片,暂无数据,210,钢混结构, ,https://hf.lianjia.com/ershoufang/103101745256.html,暂无数据,低楼层,暂无数据
南 北,一梯四户,其他,0,19685,普通住宅,商品房,,暂无数据,暂无数据,101.6㎡,暂无数据,塔楼,,3室2厅1厨1卫,103101745754,33,2017-09-21 13:53:01,2017-09-21,暂无数据,未上传房本照片,暂无数据,200,钢混结构, ,https://hf.lianjia.com/ershoufang/103101745754.html,暂无数据,高楼层,暂无数据
南,一梯四户,其他,0,22549,普通住宅,商品房,,暂无数据,暂无数据,102㎡,暂无数据,塔楼,,3室1厅1厨1卫,103101746053,33,2017-09-21 13:53:01,2017-09-21,暂无数据,未上传房本照片,暂无数据,230,钢混结构, ,https://hf.lianjia.com/ershoufang/103101746053.html,暂无数据,中楼层,暂无数据
南,一梯五户,其他,0,16497,普通住宅,商品房,,非共有,暂无数据,96.99㎡,暂无数据,板塔结合,,2室2厅1厨1卫,103101745479,18,2017-09-21 13:53:02,2017-09-21,2008-11-20,已上传房本照片,暂无数据,160,未知结构, ,https://hf.lianjia.com/ershoufang/103101745479.html,满五年,低楼层,暂无数据
南,三梯十六户,其他,0,20896,普通住宅,商品房,,暂无数据,暂无数据,67㎡,有,塔楼,,2室1厅1厨1卫,103101743946,27,2017-09-21 13:53:09,2017-09-20,暂无数据,未上传房本照片,暂无数据,140,钢混结构, ,https://hf.lianjia.com/ershoufang/103101743946.html,暂无数据,低楼层,暂无数据
南,一梯四户,其他,0,21359,普通住宅,商品房,,暂无数据,暂无数据,95.98㎡,暂无数据,塔楼,,3室2厅1厨1卫,103101742427,33,2017-09-21 13:53:23,2017-09-20,暂无数据,未上传房本照片,暂无数据,205,钢混结构, ,https://hf.lianjia.com/ershoufang/103101742427.html,暂无数据,高楼层,暂无数据
南,一梯四户,其他,0,14943,普通住宅,商品房,,暂无数据,暂无数据,87㎡,暂无数据,塔楼,,2室2厅1厨1卫,103101742552,18,2017-09-21 13:53:23,2017-09-20,暂无数据,未上传房本照片,暂无数据,130,钢混结构, ,https://hf.lianjia.com/ershoufang/103101742552.html,暂无数据,中楼层,暂无数据
南,一梯二十一户,其他,0,14623,普通住宅,商品房,,暂无数据,暂无数据,54.71㎡,暂无数据,板楼,,1室1厅1厨1卫,103101743150,29,2017-09-21 13:53:24,2017-09-20,暂无数据,未上传房本照片,暂无数据,80,钢混结构, ,https://hf.lianjia.com/ershoufang/103101743150.html,暂无数据,高楼层,暂无数据
南,一梯四户,其他,0,20000,普通住宅,商品房,,暂无数据,暂无数据,123㎡,暂无数据,板塔结合,,3室2厅1厨2卫,103101743288,30,2017-09-21 13:53:24,2017-09-20,暂无数据,未上传房本照片,暂无数据,246,钢混结构, ,https://hf.lianjia.com/ershoufang/103101743288.html,暂无数据,高楼层,暂无数据
南,一梯三户,其他,0,14870,普通住宅,商品房,,暂无数据,暂无数据,134.5㎡,暂无数据,板楼,,4室2厅1厨1卫,103101745232,27,2017-09-21 13:53:24,2017-09-21,暂无数据,未上传房本照片,暂无数据,200,钢混结构, ,https://hf.lianjia.com/ershoufang/103101745232.html,暂无数据,高楼层,暂无数据
南 北,两梯四户,其他,0,21188,普通住宅,商品房,,暂无数据,暂无数据,110.91㎡,有,塔楼,,3室2厅1厨1卫,103101743610,34,2017-09-21 13:53:24,2017-09-20,暂无数据,未上传房本照片,暂无数据,235,钢混结构, ,https://hf.lianjia.com/ershoufang/103101743610.html,暂无数据,中楼层,暂无数据
南,一梯四户,其他,0,15913,普通住宅,商品房,,暂无数据,暂无数据,59.7㎡,暂无数据,塔楼,,1室1厅1厨1卫,103101745289,18,2017-09-21 13:53:25,2017-09-21,暂无数据,未上传房本照片,暂无数据,95,钢混结构, ,https://hf.lianjia.com/ershoufang/103101745289.html,暂无数据,低楼层,暂无数据
南,一梯六户,其他,0,15898,普通住宅,商品房,,暂无数据,暂无数据,89.95㎡,暂无数据,板楼,,2室2厅1厨1卫,103101745464,32,2017-09-21 13:53:25,2017-09-21,暂无数据,未上传房本照片,暂无数据,143,钢混结构, ,https://hf.lianjia.com/ershoufang/103101745464.html,暂无数据,高楼层,暂无数据
南 西,一梯十户,其他,0,17692,普通住宅,商品房,,暂无数据,暂无数据,59.35㎡,暂无数据,板楼,,1室1厅1厨1卫,103101745844,20,2017-09-21 13:53:25,2017-09-21,暂无数据,未上传房本照片,暂无数据,105,钢混结构, ,https://hf.lianjia.com/ershoufang/103101745844.html,暂无数据,低楼层,暂无数据
南 北,一梯两户,其他,0,16346,普通住宅,商品房,,暂无数据,暂无数据,134.59㎡,暂无数据,暂无数据,,3室2厅1厨2卫,103101742469,11,2017-09-21 13:53:30,2017-09-20,暂无数据,未上传房本照片,暂无数据,220,未知结构, ,https://hf.lianjia.com/ershoufang/103101742469.html,暂无数据,高楼层,暂无数据
南,一梯两户,其他,0,17535,普通住宅,商品房,,暂无数据,暂无数据,119.76㎡,暂无数据,塔楼,,3室2厅1厨1卫,103101743257,18,2017-09-21 13:53:30,2017-09-20,暂无数据,未上传房本照片,暂无数据,210,未知结构, ,https://hf.lianjia.com/ershoufang/103101743257.html,暂无数据,中楼层,暂无数据
南,一梯两户,其他,0,17391,普通住宅,商品房,,暂无数据,暂无数据,138㎡,暂无数据,暂无数据,,3室2厅1厨1卫,103101743275,11,2017-09-21 13:53:30,2017-09-20,暂无数据,未上传房本照片,暂无数据,240,未知结构, ,https://hf.lianjia.com/ershoufang/103101743275.html,暂无数据,高楼层,暂无数据
南,一梯两户,其他,0,15544,普通住宅,商品房,,暂无数据,暂无数据,193㎡,暂无数据,暂无数据,,4室2厅1厨2卫,103101744503,6,2017-09-21 13:53:31,2017-09-20,暂无数据,未上传房本照片,暂无数据,300,未知结构, ,https://hf.lianjia.com/ershoufang/103101744503.html,暂无数据,高楼层,暂无数据
南,一梯两户,其他,0,15816,普通住宅,商品房,,暂无数据,暂无数据,132.78㎡,暂无数据,暂无数据,,3室2厅1厨2卫,103101744504,6,2017-09-21 13:53:31,2017-09-20,暂无数据,未上传房本照片,暂无数据,210,未知结构, ,https://hf.lianjia.com/ershoufang/103101744504.html,暂无数据,中楼层,暂无数据
南,一梯两户,其他,0,18575,普通住宅,商品房,,暂无数据,暂无数据,134.59㎡,暂无数据,暂无数据,,3室2厅1厨2卫,103101743318,11,2017-09-21 13:53:31,2017-09-20,暂无数据,未上传房本照片,暂无数据,250,未知结构, ,https://hf.lianjia.com/ershoufang/103101743318.html,暂无数据,高楼层,暂无数据
南,一梯四户,其他,0,16854,普通住宅,商品房,,暂无数据,暂无数据,89㎡,暂无数据,暂无数据,,2室1厅1厨1卫,103101744545,33,2017-09-21 13:53:31,2017-09-20,暂无数据,未上传房本照片,暂无数据,150,未知结构, ,https://hf.lianjia.com/ershoufang/103101744545.html,暂无数据,高楼层,暂无数据
南,一梯四户,其他,0,17975,普通住宅,商品房,,暂无数据,暂无数据,79㎡,暂无数据,暂无数据,,2室1厅1厨1卫,103101744558,33,2017-09-21 13:53:32,2017-09-20,暂无数据,未上传房本照片,暂无数据,142,未知结构, ,https://hf.lianjia.com/ershoufang/103101744558.html,暂无数据,中楼层,暂无数据
南 北,一梯四户,精装,0,14711,普通住宅,商品房,,非共有,有抵押,85.65㎡,暂无数据,暂无数据,,2室2厅1厨1卫,103101745506,18,2017-09-21 13:53:32,2017-09-21,2009-09-09,已上传房本照片,暂无数据,126,未知结构, ,https://hf.lianjia.com/ershoufang/103101745506.html,满五年,高楼层,暂无数据
南,一梯四户,其他,0,17416,普通住宅,商品房,,暂无数据,暂无数据,89㎡,暂无数据,暂无数据,,3室2厅1厨1卫,103101744083,33,2017-09-21 13:53:32,2017-09-20,暂无数据,未上传房本照片,暂无数据,155,未知结构, ,https://hf.lianjia.com/ershoufang/103101744083.html,暂无数据,高楼层,暂无数据
南,一梯三十五户,其他,0,9951,普通住宅,商品房,,暂无数据,暂无数据,73.36㎡,暂无数据,暂无数据,,2室1厅1厨1卫,103101746177,26,2017-09-21 13:54:09,2017-09-21,暂无数据,未上传房本照片,暂无数据,73,未知结构, ,https://hf.lianjia.com/ershoufang/103101746177.html,暂无数据,中楼层,暂无数据
南,两梯四户,其他,0,19412,普通住宅,商品房,,暂无数据,暂无数据,85㎡,有,板楼,,2室1厅1厨1卫,103101746069,34,2017-09-21 13:54:14,2017-09-21,暂无数据,未上传房本照片,暂无数据,165,钢混结构, ,https://hf.lianjia.com/ershoufang/103101746069.html,暂无数据,高楼层,暂无数据
南,一梯四户,其他,0,17794,普通住宅,商品房,,暂无数据,暂无数据,89.92㎡,暂无数据,塔楼,,2室2厅1厨1卫,103101742548,32,2017-09-21 13:54:15,2017-09-20,暂无数据,未上传房本照片,暂无数据,160,钢混结构, ,https://hf.lianjia.com/ershoufang/103101742548.html,暂无数据,高楼层,暂无数据
南,一梯十四户,其他,0,15939,普通住宅,商品房,,暂无数据,暂无数据,81.56㎡,暂无数据,暂无数据,,3室2厅1厨1卫,103101742809,19,2017-09-21 13:54:15,2017-09-20,暂无数据,未上传房本照片,暂无数据,130,未知结构, ,https://hf.lianjia.com/ershoufang/103101742809.html,暂无数据,高楼层,暂无数据
南,两梯四户,其他,0,17732,普通住宅,商品房,,暂无数据,暂无数据,90.23㎡,有,板塔结合,,2室2厅1厨1卫,103101744950,18,2017-09-21 13:54:16,2017-09-21,暂无数据,未上传房本照片,暂无数据,160,未知结构, ,https://hf.lianjia.com/ershoufang/103101744950.html,暂无数据,低楼层,暂无数据
南,三梯十四户,其他,0,14118,普通住宅,商品房,,暂无数据,暂无数据,51㎡,有,暂无数据,,1室0厅1厨1卫,103101743237,20,2017-09-21 13:54:23,2017-09-20,暂无数据,未上传房本照片,暂无数据,72,未知结构, ,https://hf.lianjia.com/ershoufang/103101743237.html,暂无数据,中楼层,暂无数据
南,一梯两户,其他,0,14959,普通住宅,商品房,,暂无数据,暂无数据,80.22㎡,无,暂无数据,,2室1厅1厨1卫,103101743455,6,2017-09-21 13:54:23,2017-09-20,暂无数据,未上传房本照片,暂无数据,120,未知结构, ,https://hf.lianjia.com/ershoufang/103101743455.html,暂无数据,中楼层,暂无数据
南,一梯三户,其他,0,17925,普通住宅,商品房,,暂无数据,暂无数据,106㎡,暂无数据,塔楼,,2室2厅1厨1卫,103101741790,29,2017-09-21 13:54:30,2017-09-20,暂无数据,未上传房本照片,暂无数据,190,未知结构, ,https://hf.lianjia.com/ershoufang/103101741790.html,暂无数据,低楼层,暂无数据
南,一梯六户,其他,0,11591,普通住宅,暂无数据,,暂无数据,暂无数据,65.57㎡,暂无数据,暂无数据,,1室2厅1厨1卫,103101743056,11,2017-09-21 13:54:38,2017-09-20,暂无数据,未上传房本照片,暂无数据,76,未知结构, ,https://hf.lianjia.com/ershoufang/103101743056.html,暂无数据,中楼层,暂无数据
南,一梯两户,其他,0,14481,普通住宅,商品房,,暂无数据,暂无数据,183㎡,暂无数据,暂无数据,,4室2厅1厨2卫,103101742753,11,2017-09-21 13:54:44,2017-09-20,暂无数据,未上传房本照片,暂无数据,265,未知结构, ,https://hf.lianjia.com/ershoufang/103101742753.html,暂无数据,中楼层,暂无数据
南,一梯五户,其他,0,17647,普通住宅,商品房,,暂无数据,暂无数据,85㎡,暂无数据,板塔结合,,2室2厅1厨1卫,103101744743,27,2017-09-21 13:54:44,2017-09-20,暂无数据,未上传房本照片,暂无数据,150,钢混结构, ,https://hf.lianjia.com/ershoufang/103101744743.html,暂无数据,中楼层,暂无数据
南,一梯两户,其他,0,16667,普通住宅,商品房,,暂无数据,暂无数据,114㎡,暂无数据,板楼,,3室2厅1厨1卫,103101746242,11,2017-09-21 13:54:44,2017-09-21,暂无数据,未上传房本照片,暂无数据,190,钢混结构, ,https://hf.lianjia.com/ershoufang/103101746242.html,暂无数据,中楼层,暂无数据
东,一梯五户,其他,0,16579,普通住宅,商品房,,暂无数据,暂无数据,38㎡,暂无数据,板塔结合,,1室1厅1厨1卫,103101746257,27,2017-09-21 13:54:45,2017-09-21,暂无数据,未上传房本照片,暂无数据,63,钢混结构, ,https://hf.lianjia.com/ershoufang/103101746257.html,暂无数据,中楼层,暂无数据
南 北,一梯两户,其他,0,16980,普通住宅,商品房,,暂无数据,暂无数据,149㎡,暂无数据,板楼,,3室2厅1厨2卫,103101742628,17,2017-09-21 13:55:41,2017-09-20,暂无数据,未上传房本照片,暂无数据,253,未知结构, ,https://hf.lianjia.com/ershoufang/103101742628.html,暂无数据,中楼层,暂无数据
东北,一梯十三户,其他,0,12389,普通住宅,商品房,,暂无数据,暂无数据,56.5㎡,暂无数据,板楼,,1室1厅1厨1卫,103101742912,30,2017-09-21 13:55:43,2017-09-20,暂无数据,未上传房本照片,暂无数据,70,未知结构, ,https://hf.lianjia.com/ershoufang/103101742912.html,暂无数据,低楼层,暂无数据
南,一梯十八户,其他,0,15000,普通住宅,商品房,,暂无数据,暂无数据,68㎡,暂无数据,暂无数据,,1室1厅1厨1卫,103101744416,30,2017-09-21 13:55:46,2017-09-20,暂无数据,未上传房本照片,暂无数据,102,未知结构, ,https://hf.lianjia.com/ershoufang/103101744416.html,暂无数据,高楼层,暂无数据
南,一梯三户,其他,0,18317,普通住宅,商品房,,暂无数据,暂无数据,101㎡,暂无数据,板楼,,3室2厅1厨1卫,103101745002,45,2017-09-21 13:55:46,2017-09-21,暂无数据,未上传房本照片,暂无数据,185,未知结构, ,https://hf.lianjia.com/ershoufang/103101745002.html,暂无数据,中楼层,暂无数据
南,一梯两户,其他,0,15944,普通住宅,商品房,,暂无数据,暂无数据,78.4㎡,暂无数据,板塔结合,,2室1厅1厨1卫,103101742046,4,2017-09-21 13:55:55,2017-09-20,暂无数据,未上传房本照片,暂无数据,125,钢混结构, ,https://hf.lianjia.com/ershoufang/103101742046.html,暂无数据,中楼层,暂无数据
南,一梯三户,其他,0,18417,普通住宅,商品房,,暂无数据,暂无数据,111.31㎡,暂无数据,塔楼,,3室2厅1厨2卫,103101741952,18,2017-09-21 13:55:55,2017-09-20,暂无数据,未上传房本照片,暂无数据,205,未知结构, ,https://hf.lianjia.com/ershoufang/103101741952.html,暂无数据,低楼层,暂无数据
南,一梯两户,其他,0,16330,普通住宅,商品房,,暂无数据,暂无数据,109㎡,暂无数据,板楼,,3室2厅1厨1卫,103101743282,11,2017-09-21 13:55:56,2017-09-20,暂无数据,未上传房本照片,暂无数据,178,未知结构, ,https://hf.lianjia.com/ershoufang/103101743282.html,暂无数据,低楼层,暂无数据
北,三梯十三户,其他,0,19565,普通住宅,商品房,,暂无数据,暂无数据,46㎡,有,板楼,,1室1厅1厨1卫,103101744788,31,2017-09-21 13:55:56,2017-09-20,暂无数据,未上传房本照片,暂无数据,90,钢混结构, ,https://hf.lianjia.com/ershoufang/103101744788.html,暂无数据,高楼层,暂无数据
南,一梯两户,其他,0,16447,普通住宅,商品房,,暂无数据,暂无数据,76㎡,暂无数据,板楼,,2室1厅1厨1卫,103101744799,6,2017-09-21 13:55:56,2017-09-20,暂无数据,未上传房本照片,暂无数据,125,未知结构, ,https://hf.lianjia.com/ershoufang/103101744799.html,暂无数据,低楼层,暂无数据
南,一梯两户,其他,0,15556,普通住宅,商品房,,暂无数据,暂无数据,72㎡,暂无数据,板楼,,2室2厅1厨1卫,103101744709,6,2017-09-21 13:55:56,2017-09-20,暂无数据,未上传房本照片,暂无数据,112,未知结构, ,https://hf.lianjia.com/ershoufang/103101744709.html,暂无数据,中楼层,暂无数据
东南,三梯十三户,其他,0,18060,普通住宅,商品房,,暂无数据,暂无数据,50.94㎡,有,板楼,,1室1厅1厨1卫,103101744769,31,2017-09-21 13:55:57,2017-09-20,暂无数据,未上传房本照片,暂无数据,92,钢混结构, ,https://hf.lianjia.com/ershoufang/103101744769.html,暂无数据,中楼层,暂无数据
南,一梯四户,其他,0,17953,普通住宅,商品房,,暂无数据,暂无数据,127㎡,暂无数据,板楼,,3室2厅1厨1卫,103101745039,34,2017-09-21 13:55:57,2017-09-21,暂无数据,未上传房本照片,暂无数据,228,未知结构, ,https://hf.lianjia.com/ershoufang/103101745039.html,暂无数据,中楼层,暂无数据
南,一梯四户,其他,0,17094,普通住宅,商品房,,暂无数据,暂无数据,117㎡,暂无数据,板楼,,3室2厅1厨1卫,103101745478,34,2017-09-21 13:55:58,2017-09-21,暂无数据,未上传房本照片,暂无数据,200,未知结构, ,https://hf.lianjia.com/ershoufang/103101745478.html,暂无数据,高楼层,暂无数据
南,一梯两户,其他,0,16592,普通住宅,商品房,,暂无数据,暂无数据,89.2㎡,暂无数据,板楼,,2室2厅1厨1卫,103101743148,33,2017-09-21 13:55:58,2017-09-20,暂无数据,未上传房本照片,暂无数据,148,未知结构, ,https://hf.lianjia.com/ershoufang/103101743148.html,暂无数据,中楼层,暂无数据
南,一梯四户,其他,0,17857,普通住宅,商品房,,暂无数据,暂无数据,112㎡,暂无数据,板楼,,3室1厅1厨1卫,103101743188,34,2017-09-21 13:55:58,2017-09-20,暂无数据,未上传房本照片,暂无数据,200,未知结构, ,https://hf.lianjia.com/ershoufang/103101743188.html,暂无数据,低楼层,暂无数据
南 北,一梯四户,其他,0,18929,普通住宅,商品房,,暂无数据,暂无数据,87.17㎡,暂无数据,板楼,,2室2厅1厨1卫,103101742764,18,2017-09-21 13:55:58,2017-09-20,暂无数据,未上传房本照片,暂无数据,165,未知结构, ,https://hf.lianjia.com/ershoufang/103101742764.html,暂无数据,低楼层,暂无数据
南,一梯三户,其他,0,16015,普通住宅,商品房,,暂无数据,暂无数据,119.89㎡,暂无数据,板楼,,3室2厅1厨1卫,103101744755,31,2017-09-21 13:55:58,2017-09-20,暂无数据,未上传房本照片,暂无数据,192,未知结构, ,https://hf.lianjia.com/ershoufang/103101744755.html,暂无数据,高楼层,暂无数据
南,一梯十三户,其他,0,14799,普通住宅,商品房,,暂无数据,暂无数据,94.6㎡,暂无数据,板楼,,2室2厅1厨1卫,103101742906,30,2017-09-21 13:55:59,2017-09-20,暂无数据,未上传房本照片,暂无数据,140,未知结构, ,https://hf.lianjia.com/ershoufang/103101742906.html,暂无数据,低楼层,暂无数据
南,一梯六户,其他,0,16000,普通住宅,商品房,,暂无数据,暂无数据,75㎡,暂无数据,板楼,,2室1厅1厨1卫,103101741655,21,2017-09-21 13:55:59,2017-09-20,暂无数据,未上传房本照片,暂无数据,120,未知结构, ,https://hf.lianjia.com/ershoufang/103101741655.html,暂无数据,中楼层,暂无数据
南,一梯四户,其他,0,20444,普通住宅,商品房,,暂无数据,暂无数据,45㎡,暂无数据,板楼,,1室1厅1厨1卫,103101742645,33,2017-09-21 13:56:00,2017-09-20,暂无数据,未上传房本照片,暂无数据,92,未知结构, ,https://hf.lianjia.com/ershoufang/103101742645.html,暂无数据,中楼层,暂无数据
南,一梯四户,其他,0,14762,普通住宅,商品房,,暂无数据,暂无数据,105㎡,暂无数据,塔楼,,3室2厅1厨1卫,103101741493,18,2017-09-21 13:56:04,2017-09-20,暂无数据,未上传房本照片,暂无数据,155,钢混结构, ,https://hf.lianjia.com/ershoufang/103101741493.html,暂无数据,高楼层,暂无数据
北,一梯十八户,其他,0,23043,普通住宅,商品房,,暂无数据,暂无数据,46㎡,暂无数据,板塔结合,,1室1厅1厨1卫,103101745518,24,2017-09-21 13:56:11,2017-09-21,暂无数据,未上传房本照片,暂无数据,106,钢混结构, ,https://hf.lianjia.com/ershoufang/103101745518.html,暂无数据,高楼层,暂无数据
南,一梯三户,其他,0,25630,普通住宅,商品房,,暂无数据,暂无数据,89.74㎡,暂无数据,塔楼,,2室1厅1厨1卫,103101745328,33,2017-09-21 13:56:12,2017-09-21,暂无数据,未上传房本照片,暂无数据,230,未知结构, ,https://hf.lianjia.com/ershoufang/103101745328.html,暂无数据,高楼层,暂无数据
南,一梯两户,其他,0,23177,普通住宅,商品房,,非共有,暂无数据,73.35㎡,暂无数据,板楼,,4室2厅1厨2卫,103101743555,6,2017-09-21 13:56:12,2017-09-20,2017-03-20,已上传房本照片,73.35㎡,170,未知结构, ,https://hf.lianjia.com/ershoufang/103101743555.html,暂无数据,高楼层,暂无数据
南,两梯五户,其他,0,20047,普通住宅,商品房,,暂无数据,暂无数据,77.32㎡,有,板楼,,2室2厅1厨1卫,103101742442,32,2017-09-21 13:56:12,2017-09-20,暂无数据,未上传房本照片,暂无数据,155,钢混结构, ,https://hf.lianjia.com/ershoufang/103101742442.html,暂无数据,中楼层,暂无数据
南,一梯两户,其他,0,21333,普通住宅,商品房,,暂无数据,暂无数据,75㎡,暂无数据,板楼,,2室1厅1厨1卫,103101741914,6,2017-09-21 13:56:13,2017-09-20,暂无数据,未上传房本照片,暂无数据,160,钢混结构, ,https://hf.lianjia.com/ershoufang/103101741914.html,暂无数据,高楼层,暂无数据
南,一梯四户,其他,0,21652,普通住宅,商品房,,暂无数据,暂无数据,82.67㎡,暂无数据,塔楼,,2室2厅1厨1卫,103101741853,34,2017-09-21 13:56:13,2017-09-20,暂无数据,未上传房本照片,暂无数据,179,钢混结构, ,https://hf.lianjia.com/ershoufang/103101741853.html,暂无数据,中楼层,暂无数据
南 北,一梯两户,其他,0,12821,普通住宅,商品房,,暂无数据,暂无数据,156㎡,暂无数据,板塔结合,,4室3厅1厨2卫,103101744830,6,2017-09-21 13:56:18,2017-09-20,暂无数据,未上传房本照片,暂无数据,200,未知结构, ,https://hf.lianjia.com/ershoufang/103101744830.html,暂无数据,高楼层,暂无数据
南 北,一梯两户,其他,0,12745,普通住宅,商品房,,暂无数据,暂无数据,102㎡,暂无数据,板楼,,3室2厅1厨1卫,103101745531,6,2017-09-21 13:56:22,2017-09-21,暂无数据,未上传房本照片,暂无数据,130,未知结构, ,https://hf.lianjia.com/ershoufang/103101745531.html,暂无数据,低楼层,暂无数据
东 北,一梯八户,其他,0,12890,普通住宅,商品房,,暂无数据,暂无数据,73.7㎡,暂无数据,板塔结合,,2室2厅1厨1卫,103101745155,34,2017-09-21 13:56:22,2017-09-21,暂无数据,未上传房本照片,暂无数据,95,钢混结构, ,https://hf.lianjia.com/ershoufang/103101745155.html,暂无数据,高楼层,暂无数据
南,一梯十二户,其他,0,14470,普通住宅,商品房,,暂无数据,暂无数据,89.84㎡,暂无数据,板塔结合,,2室2厅1厨1卫,103101744003,28,2017-09-21 13:56:23,2017-09-20,暂无数据,未上传房本照片,暂无数据,130,钢混结构, ,https://hf.lianjia.com/ershoufang/103101744003.html,暂无数据,中楼层,暂无数据
南 北,一梯十二户,其他,0,15519,普通住宅,商品房,,非共有,暂无数据,90.21㎡,暂无数据,板塔结合,,2室2厅1厨1卫,103101742119,28,2017-09-21 13:56:24,2017-09-20,2015-10-26,已上传房本照片,暂无数据,140,钢混结构, ,https://hf.lianjia.com/ershoufang/103101742119.html,暂无数据,高楼层,暂无数据
南,一梯六户,其他,0,12095,普通住宅,商品房,,暂无数据,暂无数据,45.64㎡,暂无数据,板楼,,1室1厅1厨1卫,103101744441,16,2017-09-21 13:56:36,2017-09-20,暂无数据,未上传房本照片,暂无数据,55.2,未知结构, ,https://hf.lianjia.com/ershoufang/103101744441.html,暂无数据,高楼层,暂无数据
南,一梯十一户,其他,0,13258,普通住宅,商品房,,暂无数据,暂无数据,79.2㎡,暂无数据,暂无数据,,2室1厅1厨1卫,103101744913,24,2017-09-21 13:56:37,2017-09-21,暂无数据,未上传房本照片,暂无数据,105,未知结构, ,https://hf.lianjia.com/ershoufang/103101744913.html,暂无数据,高楼层,暂无数据
南,一梯两户,其他,0,12097,普通住宅,商品房,,暂无数据,暂无数据,62㎡,暂无数据,板楼,,2室1厅1厨1卫,103101746171,6,2017-09-21 13:56:37,2017-09-21,暂无数据,未上传房本照片,暂无数据,75,未知结构, ,https://hf.lianjia.com/ershoufang/103101746171.html,暂无数据,中楼层,暂无数据
西,五梯二十五户,其他,0,12265,普通住宅,商品房,,非共有,暂无数据,47.29㎡,有,塔楼,,1室1厅1厨1卫,103101742490,31,2017-09-21 13:56:44,2017-09-20,2013-01-06,已上传房本照片,34.26㎡,58,未知结构, ,https://hf.lianjia.com/ershoufang/103101742490.html,满两年,高楼层,暂无数据
南,一梯十八户,其他,0,14938,普通住宅,商品房,,暂无数据,暂无数据,109.12㎡,暂无数据,暂无数据,,1室0厅0厨1卫,103101744665,18,2017-09-21 13:56:44,2017-09-20,暂无数据,未上传房本照片,暂无数据,163,未知结构, ,https://hf.lianjia.com/ershoufang/103101744665.html,暂无数据,中楼层,暂无数据
南,一梯四户,其他,0,14755,普通住宅,商品房,,暂无数据,暂无数据,33.21㎡,暂无数据,暂无数据,,1室1厅1厨1卫,103101745315,6,2017-09-21 13:56:44,2017-09-21,暂无数据,未上传房本照片,暂无数据,49,未知结构, ,https://hf.lianjia.com/ershoufang/103101745315.html,暂无数据,高楼层,暂无数据
南 北,一梯十五户,其他,0,12072,普通住宅,商品房,,暂无数据,暂无数据,55.5㎡,暂无数据,板塔结合,,1室1厅1厨1卫,103101742225,23,2017-09-21 13:56:50,2017-09-20,暂无数据,未上传房本照片,暂无数据,67,钢混结构, ,https://hf.lianjia.com/ershoufang/103101742225.html,暂无数据,高楼层,暂无数据
南,一梯十二户,其他,0,17708,普通住宅,商品房,,暂无数据,暂无数据,48㎡,暂无数据,塔楼,,1室1厅1厨1卫,103101742630,30,2017-09-21 13:56:50,2017-09-20,暂无数据,未上传房本照片,暂无数据,85,钢混结构, ,https://hf.lianjia.com/ershoufang/103101742630.html,暂无数据,中楼层,暂无数据
南,一梯三户,其他,0,15000,普通住宅,商品房,,暂无数据,暂无数据,80㎡,暂无数据,暂无数据,,2室2厅1厨1卫,103101742719,30,2017-09-21 13:56:51,2017-09-20,暂无数据,未上传房本照片,暂无数据,120,未知结构, ,https://hf.lianjia.com/ershoufang/103101742719.html,暂无数据,中楼层,暂无数据
南,一梯十九户,其他,0,17297,普通住宅,商品房,,暂无数据,暂无数据,37㎡,暂无数据,暂无数据,,1室1厅1厨1卫,103101744188,19,2017-09-21 13:56:51,2017-09-20,暂无数据,未上传房本照片,暂无数据,64,未知结构, ,https://hf.lianjia.com/ershoufang/103101744188.html,暂无数据,高楼层,暂无数据
南,一梯十一户,其他,0,12903,普通住宅,商品房,,暂无数据,暂无数据,99.2㎡,暂无数据,暂无数据,,2室1厅1厨1卫,103101745529,34,2017-09-21 13:56:51,2017-09-21,暂无数据,未上传房本照片,暂无数据,128,未知结构, ,https://hf.lianjia.com/ershoufang/103101745529.html,暂无数据,高楼层,暂无数据
南,一梯三户,其他,0,10796,普通住宅,商品房,,暂无数据,暂无数据,152.84㎡,暂无数据,暂无数据,,4室2厅1厨2卫,103101744941,17,2017-09-21 13:56:51,2017-09-21,暂无数据,未上传房本照片,暂无数据,165,未知结构, ,https://hf.lianjia.com/ershoufang/103101744941.html,暂无数据,低楼层,暂无数据
南,一梯两户,其他,0,13944,普通住宅,商品房,,暂无数据,暂无数据,157.77㎡,暂无数据,塔楼,,3室2厅1厨2卫,103101745870,9,2017-09-21 13:56:51,2017-09-21,暂无数据,未上传房本照片,暂无数据,220,钢混结构, ,https://hf.lianjia.com/ershoufang/103101745870.html,暂无数据,高楼层,暂无数据
南 北,一梯两户,其他,0,18182,普通住宅,商品房,,暂无数据,暂无数据,66㎡,暂无数据,暂无数据,,2室1厅1厨1卫,103101743372,5,2017-09-21 13:57:44,2017-09-20,暂无数据,未上传房本照片,暂无数据,120,未知结构, ,https://hf.lianjia.com/ershoufang/103101743372.html,暂无数据,低楼层,暂无数据
南 北,一梯两户,其他,0,24758,普通住宅,已购公房,,暂无数据,暂无数据,88.86㎡,暂无数据,暂无数据,,3室1厅1厨1卫,103101743680,6,2017-09-21 13:57:45,2017-09-20,暂无数据,未上传房本照片,暂无数据,220,未知结构, ,https://hf.lianjia.com/ershoufang/103101743680.html,暂无数据,高楼层,暂无数据
南,一梯四户,其他,0,20270,普通住宅,已购公房,,暂无数据,暂无数据,74㎡,暂无数据,暂无数据,,2室2厅1厨1卫,103101745172,7,2017-09-21 13:57:45,2017-09-21,暂无数据,未上传房本照片,暂无数据,150,未知结构, ,https://hf.lianjia.com/ershoufang/103101745172.html,暂无数据,高楼层,暂无数据
南 北,一梯四户,其他,0,14758,普通住宅,商品房,,暂无数据,暂无数据,121.97㎡,暂无数据,板楼,,4室2厅1厨2卫,103101744040,40,2017-09-21 13:57:52,2017-09-20,暂无数据,未上传房本照片,暂无数据,180,钢混结构, ,https://hf.lianjia.com/ershoufang/103101744040.html,暂无数据,中楼层,暂无数据
南,一梯四户,其他,0,11401,普通住宅,商品房,,暂无数据,暂无数据,92.1㎡,暂无数据,板塔结合,,2室2厅1厨1卫,103101744974,11,2017-09-21 13:57:54,2017-09-21,暂无数据,未上传房本照片,暂无数据,105,钢混结构, ,https://hf.lianjia.com/ershoufang/103101744974.html,暂无数据,低楼层,暂无数据
南 北,一梯四户,其他,0,13559,普通住宅,商品房,,暂无数据,暂无数据,131.28㎡,暂无数据,板塔结合,,3室2厅1厨2卫,103101745412,33,2017-09-21 13:57:55,2017-09-21,暂无数据,未上传房本照片,暂无数据,178,钢混结构, ,https://hf.lianjia.com/ershoufang/103101745412.html,暂无数据,高楼层,暂无数据
南,一梯三户,其他,0,17172,普通住宅,商品房,,暂无数据,暂无数据,99㎡,暂无数据,板楼,,3室2厅1厨1卫,103101741486,31,2017-09-21 13:57:59,2017-09-20,暂无数据,未上传房本照片,暂无数据,170,未知结构, ,https://hf.lianjia.com/ershoufang/103101741486.html,暂无数据,高楼层,暂无数据
南,一梯四户,其他,0,22044,普通住宅,商品房,,非共有,暂无数据,97.53㎡,暂无数据,暂无数据,,3室2厅1厨1卫,103101741869,34,2017-09-21 13:57:59,2017-09-20,2017-09-20,已上传房本照片,78.72㎡,215,未知结构, ,https://hf.lianjia.com/ershoufang/103101741869.html,暂无数据,中楼层,暂无数据
南,一梯六户,其他,0,19565,普通住宅,商品房,,暂无数据,暂无数据,92㎡,暂无数据,暂无数据,,3室2厅1厨1卫,103101742611,41,2017-09-21 13:57:59,2017-09-20,暂无数据,未上传房本照片,暂无数据,180,未知结构, ,https://hf.lianjia.com/ershoufang/103101742611.html,暂无数据,低楼层,暂无数据
南 北,一梯四户,其他,0,19123,普通住宅,商品房,,暂无数据,暂无数据,101.97㎡,暂无数据,板楼,,3室2厅1厨1卫,103101743133,31,2017-09-21 13:57:59,2017-09-20,暂无数据,未上传房本照片,暂无数据,195,未知结构, ,https://hf.lianjia.com/ershoufang/103101743133.html,暂无数据,中楼层,暂无数据
南,一梯四户,其他,0,18737,普通住宅,商品房,,暂无数据,暂无数据,95㎡,暂无数据,板楼,,3室2厅1厨1卫,103101743578,35,2017-09-21 13:58:00,2017-09-20,暂无数据,未上传房本照片,暂无数据,178,未知结构, ,https://hf.lianjia.com/ershoufang/103101743578.html,暂无数据,低楼层,暂无数据
南,一梯三户,其他,0,17308,普通住宅,商品房,,暂无数据,暂无数据,104㎡,暂无数据,板楼,,3室2厅1厨1卫,103101743600,25,2017-09-21 13:58:00,2017-09-20,暂无数据,未上传房本照片,暂无数据,180,未知结构, ,https://hf.lianjia.com/ershoufang/103101743600.html,暂无数据,高楼层,暂无数据
南,一梯两户,其他,0,19528,普通住宅,商品房,,暂无数据,暂无数据,127㎡,暂无数据,板楼,,4室2厅1厨2卫,103101744789,34,2017-09-21 13:58:00,2017-09-20,暂无数据,未上传房本照片,暂无数据,248,未知结构, ,https://hf.lianjia.com/ershoufang/103101744789.html,暂无数据,高楼层,暂无数据
南 北,一梯三户,精装,0,21264,普通住宅,商品房,,非共有,有抵押 40万元,98.76㎡,暂无数据,板楼,,3室2厅1厨1卫,103101743938,30,2017-09-21 13:58:01,2017-09-20,2014-04-14,已上传房本照片,76.25㎡,210,钢混结构, ,https://hf.lianjia.com/ershoufang/103101743938.html,满两年,中楼层,暂无数据
南,一梯四户,其他,0,19091,普通住宅,商品房,,暂无数据,暂无数据,88㎡,暂无数据,板楼,,2室2厅1厨1卫,103101745078,26,2017-09-21 13:58:01,2017-09-21,暂无数据,未上传房本照片,暂无数据,168,未知结构, ,https://hf.lianjia.com/ershoufang/103101745078.html,暂无数据,高楼层,暂无数据
南,一梯三户,其他,0,18035,普通住宅,商品房,,暂无数据,暂无数据,94.26㎡,暂无数据,板楼,,2室2厅1厨1卫,103101745062,30,2017-09-21 13:58:01,2017-09-21,暂无数据,未上传房本照片,暂无数据,170,未知结构, ,https://hf.lianjia.com/ershoufang/103101745062.html,暂无数据,中楼层,暂无数据
南 北,一梯四户,其他,0,19402,普通住宅,商品房,,非共有,暂无数据,128.34㎡,暂无数据,板楼,,4室2厅1厨2卫,103101745118,41,2017-09-21 13:58:01,2017-09-21,2016-09-01,已上传房本照片,99.12㎡,249,未知结构, ,https://hf.lianjia.com/ershoufang/103101745118.html,暂无数据,低楼层,暂无数据
南,一梯四户,其他,0,18699,普通住宅,商品房,,暂无数据,暂无数据,123㎡,暂无数据,板楼,,3室2厅1厨2卫,103101745453,34,2017-09-21 13:58:02,2017-09-21,暂无数据,未上传房本照片,暂无数据,230,未知结构, ,https://hf.lianjia.com/ershoufang/103101745453.html,暂无数据,中楼层,暂无数据
南 北,一梯两户,其他,0,27512,普通住宅,商品房,,暂无数据,暂无数据,130.85㎡,暂无数据,暂无数据,,4室2厅1厨2卫,103101746096,9,2017-09-21 13:58:02,2017-09-21,暂无数据,未上传房本照片,暂无数据,360,未知结构, ,https://hf.lianjia.com/ershoufang/103101746096.html,暂无数据,低楼层,暂无数据
南,一梯三户,其他,0,15519,普通住宅,商品房,,共有,暂无数据,91.5㎡,暂无数据,板塔结合,,3室2厅1厨1卫,103101741530,32,2017-09-21 13:58:09,2017-09-20,2015-02-03,已上传房本照片,70.06㎡,142,钢混结构, ,https://hf.lianjia.com/ershoufang/103101741530.html,满两年,低楼层,暂无数据
南,一梯两户,其他,0,16667,普通住宅,商品房,,暂无数据,暂无数据,138㎡,暂无数据,板塔结合,,3室2厅1厨1卫,103101745769,18,2017-09-21 13:58:09,2017-09-21,暂无数据,未上传房本照片,暂无数据,230,钢混结构, ,https://hf.lianjia.com/ershoufang/103101745769.html,暂无数据,中楼层,暂无数据
南,一梯四户,其他,0,16978,普通住宅,商品房,,暂无数据,暂无数据,81.28㎡,暂无数据,板楼,,2室2厅1厨1卫,103101745130,32,2017-09-21 13:58:16,2017-09-21,暂无数据,未上传房本照片,暂无数据,138,钢混结构, ,https://hf.lianjia.com/ershoufang/103101745130.html,暂无数据,中楼层,暂无数据
南,一梯两户,其他,0,14325,普通住宅,商品房,,暂无数据,暂无数据,80.28㎡,暂无数据,板楼,,2室2厅1厨1卫,103101746205,6,2017-09-21 13:58:25,2017-09-21,暂无数据,未上传房本照片,暂无数据,115,未知结构, ,https://hf.lianjia.com/ershoufang/103101746205.html,暂无数据,低楼层,暂无数据
南,一梯三户,其他,0,24058,普通住宅,商品房,,暂无数据,暂无数据,69㎡,暂无数据,暂无数据,,2室1厅1厨1卫,103101745455,6,2017-09-21 13:58:26,2017-09-21,暂无数据,未上传房本照片,暂无数据,166,未知结构, ,https://hf.lianjia.com/ershoufang/103101745455.html,暂无数据,高楼层,暂无数据
南,一梯两户,其他,0,16084,普通住宅,商品房,,暂无数据,暂无数据,143㎡,暂无数据,板楼,,4室2厅1厨2卫,103101741473,18,2017-09-21 13:58:32,2017-09-20,暂无数据,未上传房本照片,暂无数据,230,钢混结构, ,https://hf.lianjia.com/ershoufang/103101741473.html,暂无数据,低楼层,暂无数据
南,一梯四户,其他,0,17108,普通住宅,商品房,,暂无数据,暂无数据,83㎡,暂无数据,塔楼,,2室2厅1厨1卫,103101742736,34,2017-09-21 13:58:32,2017-09-20,暂无数据,未上传房本照片,暂无数据,142,钢混结构, ,https://hf.lianjia.com/ershoufang/103101742736.html,暂无数据,中楼层,暂无数据
南,一梯四户,其他,0,16281,普通住宅,商品房,,暂无数据,暂无数据,92.13㎡,暂无数据,暂无数据,,3室2厅1厨1卫,103101743424,34,2017-09-21 13:58:32,2017-09-20,暂无数据,未上传房本照片,暂无数据,150,未知结构, ,https://hf.lianjia.com/ershoufang/103101743424.html,暂无数据,高楼层,暂无数据
南,一梯七户,其他,0,15010,普通住宅,商品房,,暂无数据,暂无数据,93.27㎡,暂无数据,暂无数据,,3室2厅1厨1卫,103101743489,30,2017-09-21 13:58:33,2017-09-20,暂无数据,未上传房本照片,暂无数据,140,未知结构, ,https://hf.lianjia.com/ershoufang/103101743489.html,暂无数据,中楼层,暂无数据
南,一梯四户,其他,0,16196,普通住宅,商品房,,暂无数据,暂无数据,112.37㎡,暂无数据,塔楼,,3室2厅1厨1卫,103101743679,40,2017-09-21 13:58:33,2017-09-20,暂无数据,未上传房本照片,暂无数据,182,钢混结构, ,https://hf.lianjia.com/ershoufang/103101743679.html,暂无数据,低楼层,暂无数据
南 北,一梯三户,其他,0,15977,普通住宅,商品房,,非共有,暂无数据,112.66㎡,暂无数据,暂无数据,,3室2厅1厨1卫,103101743746,41,2017-09-21 13:58:33,2017-09-20,2017-03-23,已上传房本照片,85.48㎡,180,未知结构, ,https://hf.lianjia.com/ershoufang/103101743746.html,暂无数据,低楼层,暂无数据
南,一梯四户,其他,0,15216,普通住宅,商品房,,暂无数据,暂无数据,93.98㎡,暂无数据,暂无数据,,3室2厅1厨1卫,103101743905,40,2017-09-21 13:58:33,2017-09-20,暂无数据,未上传房本照片,暂无数据,143,未知结构, ,https://hf.lianjia.com/ershoufang/103101743905.html,暂无数据,中楼层,暂无数据
南 北,一梯四户,其他,0,16374,普通住宅,商品房,,暂无数据,暂无数据,109.93㎡,暂无数据,暂无数据,,4室2厅1厨1卫,103101745588,34,2017-09-21 13:58:33,2017-09-21,暂无数据,未上传房本照片,暂无数据,180,未知结构, ,https://hf.lianjia.com/ershoufang/103101745588.html,暂无数据,低楼层,暂无数据
南,一梯四户,其他,0,20000,普通住宅,商品房,,暂无数据,暂无数据,70㎡,暂无数据,暂无数据,,2室2厅1厨1卫,103101745948,18,2017-09-21 13:58:34,2017-09-21,暂无数据,未上传房本照片,暂无数据,140,未知结构, ,https://hf.lianjia.com/ershoufang/103101745948.html,暂无数据,高楼层,暂无数据
北,一梯十八户,其他,0,12692,普通住宅,商品房,,暂无数据,暂无数据,41.76㎡,暂无数据,暂无数据,,1室1厅1厨1卫,103101746199,31,2017-09-21 13:58:34,2017-09-21,暂无数据,未上传房本照片,暂无数据,53,未知结构, ,https://hf.lianjia.com/ershoufang/103101746199.html,暂无数据,高楼层,暂无数据
西,一梯四户,其他,0,12646,普通住宅,商品房,,非共有,暂无数据,85.4㎡,暂无数据,暂无数据,,2室1厅1厨1卫,103101742871,33,2017-09-21 13:58:40,2017-09-20,2017-08-14,已上传房本照片,63.85㎡,108,未知结构, ,https://hf.lianjia.com/ershoufang/103101742871.html,暂无数据,高楼层,暂无数据
南,一梯二十四户,其他,0,8478,商住两用,商品房,,暂无数据,暂无数据,46㎡,暂无数据,暂无数据,,1室1厅1厨1卫,103101743120,31,2017-09-21 13:58:40,2017-09-20,暂无数据,未上传房本照片,暂无数据,39,未知结构, ,https://hf.lianjia.com/ershoufang/103101743120.html,暂无数据,高楼层,暂无数据
南,一梯十七户,其他,0,17439,普通住宅,商品房,,暂无数据,暂无数据,68.81㎡,暂无数据,板塔结合,,2室2厅1厨1卫,103101743478,33,2017-09-21 13:58:40,2017-09-20,暂无数据,未上传房本照片,暂无数据,120,钢混结构, ,https://hf.lianjia.com/ershoufang/103101743478.html,暂无数据,高楼层,暂无数据
南 北,一梯三户,其他,0,18367,普通住宅,商品房,,暂无数据,暂无数据,98㎡,暂无数据,塔楼,,3室2厅1厨1卫,103101744871,18,2017-09-21 13:58:41,2017-09-21,暂无数据,未上传房本照片,暂无数据,180,钢混结构, ,https://hf.lianjia.com/ershoufang/103101744871.html,暂无数据,高楼层,暂无数据
南 北,一梯三户,其他,0,19086,普通住宅,商品房,,暂无数据,暂无数据,94.31㎡,暂无数据,塔楼,,3室2厅1厨1卫,103101745004,18,2017-09-21 13:58:41,2017-09-21,暂无数据,未上传房本照片,暂无数据,180,钢混结构, ,https://hf.lianjia.com/ershoufang/103101745004.html,暂无数据,高楼层,暂无数据
南,一梯十四户,其他,0,18243,普通住宅,商品房,,暂无数据,暂无数据,74㎡,暂无数据,板塔结合,,2室1厅1厨1卫,103101745151,30,2017-09-21 13:58:41,2017-09-21,暂无数据,未上传房本照片,暂无数据,135,钢混结构, ,https://hf.lianjia.com/ershoufang/103101745151.html,暂无数据,中楼层,暂无数据
南,一梯三户,其他,0,14872,普通住宅,商品房,,暂无数据,暂无数据,78㎡,暂无数据,板楼,,2室2厅1厨1卫,103101745156,31,2017-09-21 13:58:41,2017-09-21,暂无数据,未上传房本照片,暂无数据,116,钢混结构, ,https://hf.lianjia.com/ershoufang/103101745156.html,暂无数据,中楼层,暂无数据
南,一梯两户,其他,0,14713,普通住宅,商品房,,暂无数据,暂无数据,87㎡,暂无数据,板塔结合,,2室1厅1厨1卫,103101745485,24,2017-09-21 13:58:41,2017-09-21,暂无数据,未上传房本照片,暂无数据,128,钢混结构, ,https://hf.lianjia.com/ershoufang/103101745485.html,暂无数据,低楼层,暂无数据
南,一梯两户,其他,0,18280,普通住宅,商品房,,暂无数据,暂无数据,93㎡,暂无数据,板塔结合,,3室2厅1厨1卫,103101746049,6,2017-09-21 13:58:42,2017-09-21,暂无数据,未上传房本照片,暂无数据,170,钢混结构, ,https://hf.lianjia.com/ershoufang/103101746049.html,暂无数据,高楼层,暂无数据
南,一梯两户,其他,0,21429,普通住宅,商品房,,暂无数据,暂无数据,210㎡,暂无数据,塔楼,,4室3厅2厨1卫,103101741766,32,2017-09-21 13:58:56,2017-09-20,暂无数据,未上传房本照片,暂无数据,450,未知结构, ,https://hf.lianjia.com/ershoufang/103101741766.html,暂无数据,低楼层,暂无数据
南,一梯两户,其他,0,20950,普通住宅,商品房,,暂无数据,暂无数据,94.51㎡,暂无数据,板塔结合,,2室2厅1厨1卫,103101742236,6,2017-09-21 13:58:56,2017-09-20,暂无数据,未上传房本照片,暂无数据,198,未知结构, ,https://hf.lianjia.com/ershoufang/103101742236.html,暂无数据,中楼层,暂无数据
南,一梯四户,其他,0,19922,普通住宅,商品房,,暂无数据,暂无数据,69.27㎡,暂无数据,塔楼,,2室1厅1厨1卫,103101744908,17,2017-09-21 13:58:56,2017-09-21,暂无数据,未上传房本照片,暂无数据,138,未知结构, ,https://hf.lianjia.com/ershoufang/103101744908.html,暂无数据,高楼层,暂无数据
南 北,一梯六户,其他,0,23853,普通住宅,商品房,,暂无数据,暂无数据,109㎡,暂无数据,塔楼,,3室2厅1厨1卫,103101745572,34,2017-09-21 13:58:56,2017-09-21,暂无数据,未上传房本照片,暂无数据,260,未知结构, ,https://hf.lianjia.com/ershoufang/103101745572.html,暂无数据,中楼层,暂无数据
南 北,一梯三户,其他,0,20958,普通住宅,商品房,,暂无数据,暂无数据,83.5㎡,暂无数据,板塔结合,,2室2厅1厨1卫,103101746050,11,2017-09-21 13:58:57,2017-09-21,暂无数据,未上传房本照片,暂无数据,175,未知结构, ,https://hf.lianjia.com/ershoufang/103101746050.html,暂无数据,中楼层,暂无数据
南,一梯八户,其他,0,20000,普通住宅,商品房,,暂无数据,暂无数据,35㎡,暂无数据,塔楼,,1室1厅1厨1卫,103101745982,33,2017-09-21 13:58:57,2017-09-21,暂无数据,未上传房本照片,暂无数据,70,未知结构, ,https://hf.lianjia.com/ershoufang/103101745982.html,暂无数据,高楼层,暂无数据
南,一梯十八户,其他,0,14351,普通住宅,商品房,,暂无数据,暂无数据,87.1㎡,暂无数据,暂无数据,,2室2厅1厨1卫,103101742639,29,2017-09-21 13:59:02,2017-09-20,暂无数据,未上传房本照片,暂无数据,125,未知结构, ,https://hf.lianjia.com/ershoufang/103101742639.html,暂无数据,低楼层,暂无数据
南,一梯十八户,其他,0,13743,普通住宅,商品房,,共有,暂无数据,123.7㎡,暂无数据,暂无数据,,3室2厅1厨1卫,103101743527,29,2017-09-21 13:59:02,2017-09-20,2014-03-13,已上传房本照片,92.55㎡,170,未知结构, ,https://hf.lianjia.com/ershoufang/103101743527.html,满两年,高楼层,暂无数据
西,一梯十五户,其他,0,15972,普通住宅,商品房,,暂无数据,暂无数据,72㎡,暂无数据,暂无数据,,1室1厅1厨1卫,103101743941,30,2017-09-21 13:59:03,2017-09-20,暂无数据,未上传房本照片,暂无数据,115,未知结构, ,https://hf.lianjia.com/ershoufang/103101743941.html,暂无数据,中楼层,暂无数据
南 西南,一梯十五户,其他,0,15313,普通住宅,商品房,,暂无数据,暂无数据,32㎡,暂无数据,塔楼,,1室1厅1厨1卫,103101744899,18,2017-09-21 13:59:03,2017-09-21,暂无数据,未上传房本照片,暂无数据,49,未知结构, ,https://hf.lianjia.com/ershoufang/103101744899.html,暂无数据,高楼层,暂无数据
南,一梯八户,简装,0,16653,普通住宅,商品房,,非共有,暂无数据,86.47㎡,暂无数据,板楼,,3室2厅1厨1卫,103101744963,33,2017-09-21 13:59:03,2017-09-21,暂无数据,未上传房本照片,暂无数据,144,未知结构, ,https://hf.lianjia.com/ershoufang/103101744963.html,暂无数据,低楼层,暂无数据
南 北,一梯两户,其他,0,26663,普通住宅,商品房,,暂无数据,暂无数据,135.02㎡,暂无数据,板塔结合,,3室2厅1厨2卫,103101744043,5,2017-09-21 13:59:03,2017-09-20,暂无数据,未上传房本照片,暂无数据,360,钢混结构, ,https://hf.lianjia.com/ershoufang/103101744043.html,暂无数据,低楼层,暂无数据
南,一梯三户,其他,0,20316,普通住宅,商品房,,暂无数据,暂无数据,88.6㎡,暂无数据,板楼,,2室2厅1厨1卫,103101745683,40,2017-09-21 13:59:03,2017-09-21,暂无数据,未上传房本照片,暂无数据,180,钢混结构, ,https://hf.lianjia.com/ershoufang/103101745683.html,暂无数据,低楼层,暂无数据
南 北,一梯四户,其他,0,14286,普通住宅,商品房,,暂无数据,暂无数据,91㎡,暂无数据,塔楼,,2室2厅1厨1卫,103101744181,27,2017-09-21 13:59:11,2017-09-20,暂无数据,未上传房本照片,暂无数据,130,未知结构, ,https://hf.lianjia.com/ershoufang/103101744181.html,暂无数据,中楼层,暂无数据
南,一梯四户,其他,0,22436,普通住宅,商品房,,非共有,暂无数据,93.6㎡,暂无数据,板楼,,4室2厅1厨1卫,103101744317,34,2017-09-21 13:59:11,2017-09-20,2015-07-17,已上传房本照片,暂无数据,210,钢混结构, ,https://hf.lianjia.com/ershoufang/103101744317.html,满两年,中楼层,暂无数据
南 北,两梯四户,其他,0,15432,普通住宅,商品房,,暂无数据,暂无数据,81㎡,有,塔楼,,2室1厅1厨1卫,103101745501,27,2017-09-21 13:59:11,2017-09-21,暂无数据,未上传房本照片,暂无数据,125,未知结构, ,https://hf.lianjia.com/ershoufang/103101745501.html,暂无数据,高楼层,暂无数据
南,两梯四户,其他,0,15188,普通住宅,商品房,,暂无数据,暂无数据,82.3㎡,有,暂无数据,,2室2厅1厨1卫,103101745741,33,2017-09-21 13:59:11,2017-09-21,暂无数据,未上传房本照片,暂无数据,125,未知结构, ,https://hf.lianjia.com/ershoufang/103101745741.html,暂无数据,中楼层,暂无数据
南,一梯五户,其他,0,14894,普通住宅,商品房,,暂无数据,暂无数据,94㎡,暂无数据,板塔结合,,3室2厅1厨1卫,103101745890,33,2017-09-21 13:59:57,2017-09-21,暂无数据,未上传房本照片,暂无数据,140,钢混结构, ,https://hf.lianjia.com/ershoufang/103101745890.html,暂无数据,低楼层,暂无数据
南 北,一梯两户,其他,0,14113,普通住宅,商品房,,暂无数据,暂无数据,124㎡,暂无数据,板楼,,3室2厅1厨2卫,103101742805,6,2017-09-21 13:59:59,2017-09-20,暂无数据,未上传房本照片,暂无数据,175,未知结构, ,https://hf.lianjia.com/ershoufang/103101742805.html,暂无数据,高楼层,暂无数据
南,一梯二十六户,其他,0,22683,普通住宅,商品房,,非共有,暂无数据,30.86㎡,暂无数据,板楼,,2室1厅1厨1卫,103101744159,13,2017-09-21 14:00:00,2017-09-20,2017-04-01,已上传房本照片,暂无数据,70,未知结构, ,https://hf.lianjia.com/ershoufang/103101744159.html,暂无数据,中楼层,暂无数据
南,一梯四户,其他,0,14063,普通住宅,商品房,,暂无数据,暂无数据,160㎡,暂无数据,板塔结合,,4室2厅1厨1卫,103101743547,17,2017-09-21 14:00:03,2017-09-20,暂无数据,未上传房本照片,暂无数据,225,未知结构, ,https://hf.lianjia.com/ershoufang/103101743547.html,暂无数据,高楼层,暂无数据
南,一梯两户,其他,0,17976,普通住宅,商品房,,暂无数据,暂无数据,123.5㎡,暂无数据,板楼,,3室2厅1厨1卫,103101744934,11,2017-09-21 14:00:03,2017-09-21,暂无数据,未上传房本照片,暂无数据,222,未知结构, ,https://hf.lianjia.com/ershoufang/103101744934.html,暂无数据,高楼层,暂无数据
北,一梯十八户,其他,0,11816,普通住宅,商品房,,暂无数据,暂无数据,45.7㎡,暂无数据,板楼,,1室1厅1厨1卫,103101745613,22,2017-09-21 14:00:03,2017-09-21,暂无数据,未上传房本照片,暂无数据,54,钢混结构, ,https://hf.lianjia.com/ershoufang/103101745613.html,暂无数据,高楼层,暂无数据
南,一梯三户,其他,0,19043,普通住宅,商品房,,暂无数据,暂无数据,89.27㎡,暂无数据,板楼,,2室2厅1厨1卫,103101743017,34,2017-09-21 14:00:07,2017-09-20,暂无数据,未上传房本照片,暂无数据,170,未知结构, ,https://hf.lianjia.com/ershoufang/103101743017.html,暂无数据,低楼层,暂无数据
南 北,一梯四户,其他,0,17619,普通住宅,商品房,,暂无数据,暂无数据,105㎡,暂无数据,板楼,,3室2厅1厨1卫,103101743404,34,2017-09-21 14:00:08,2017-09-20,暂无数据,未上传房本照片,暂无数据,185,未知结构, ,https://hf.lianjia.com/ershoufang/103101743404.html,暂无数据,中楼层,暂无数据
南 北,一梯四户,其他,0,18731,普通住宅,商品房,,暂无数据,暂无数据,85.42㎡,暂无数据,暂无数据,,3室2厅1厨1卫,103101745564,31,2017-09-21 14:00:08,2017-09-21,暂无数据,未上传房本照片,暂无数据,160,未知结构, ,https://hf.lianjia.com/ershoufang/103101745564.html,暂无数据,高楼层,暂无数据
南,一梯两户,其他,0,22845,普通住宅,商品房,,暂无数据,暂无数据,57.78㎡,暂无数据,板楼,,2室1厅1厨1卫,103101743627,6,2017-09-21 14:00:15,2017-09-20,暂无数据,未上传房本照片,暂无数据,132,未知结构, ,https://hf.lianjia.com/ershoufang/103101743627.html,暂无数据,低楼层,暂无数据
南,一梯四户,其他,0,20215,普通住宅,商品房,,暂无数据,暂无数据,93㎡,暂无数据,暂无数据,,2室2厅1厨1卫,103101741529,33,2017-09-21 14:00:22,2017-09-20,暂无数据,未上传房本照片,暂无数据,188,未知结构, ,https://hf.lianjia.com/ershoufang/103101741529.html,暂无数据,中楼层,暂无数据
南 北,两梯四户,其他,0,17886,普通住宅,暂无数据,,非共有,暂无数据,123㎡,有,板塔结合,,3室2厅1厨2卫,103101742699,34,2017-09-21 14:00:28,2017-09-20,2014-08-11,已上传房本照片,96.54㎡,220,钢混结构, ,https://hf.lianjia.com/ershoufang/103101742699.html,暂无数据,中楼层,暂无数据
南 北,一梯六户,其他,0,15312,普通住宅,商品房,,暂无数据,暂无数据,94.7㎡,暂无数据,板楼,,4室2厅1厨1卫,103101742865,33,2017-09-21 14:00:28,2017-09-20,暂无数据,未上传房本照片,暂无数据,145,钢混结构, ,https://hf.lianjia.com/ershoufang/103101742865.html,暂无数据,低楼层,暂无数据
南 北,两梯四户,其他,0,14741,普通住宅,商品房,,暂无数据,暂无数据,125.5㎡,有,板楼,,3室2厅1厨2卫,103101742867,28,2017-09-21 14:00:29,2017-09-20,暂无数据,未上传房本照片,暂无数据,185,钢混结构, ,https://hf.lianjia.com/ershoufang/103101742867.html,暂无数据,低楼层,暂无数据
南,一梯三户,其他,0,14615,普通住宅,商品房,,暂无数据,暂无数据,88.95㎡,暂无数据,板楼,,2室2厅1厨1卫,103101743003,18,2017-09-21 14:00:29,2017-09-20,暂无数据,未上传房本照片,暂无数据,130,钢混结构, ,https://hf.lianjia.com/ershoufang/103101743003.html,暂无数据,高楼层,暂无数据
南,一梯四户,其他,0,16471,普通住宅,商品房,,暂无数据,暂无数据,85㎡,暂无数据,板塔结合,,3室2厅1厨1卫,103101745992,28,2017-09-21 14:00:29,2017-09-21,暂无数据,未上传房本照片,暂无数据,140,钢混结构, ,https://hf.lianjia.com/ershoufang/103101745992.html,暂无数据,低楼层,暂无数据
南 北,一梯两户,其他,0,17924,普通住宅,商品房,,暂无数据,暂无数据,133.9㎡,暂无数据,暂无数据,,3室2厅1厨2卫,103101744351,16,2017-09-21 14:00:29,2017-09-20,暂无数据,未上传房本照片,暂无数据,240,未知结构, ,https://hf.lianjia.com/ershoufang/103101744351.html,暂无数据,低楼层,暂无数据
南,一梯两户,其他,0,12950,普通住宅,暂无数据,,非共有,暂无数据,194.6㎡,暂无数据,暂无数据,,4室2厅1厨1卫,103101742008,18,2017-09-21 14:00:35,2017-09-20,2008-07-29,已上传房本照片,暂无数据,252,未知结构, ,https://hf.lianjia.com/ershoufang/103101742008.html,暂无数据,低楼层,暂无数据
南,一梯四户,其他,0,16691,普通住宅,商品房,,暂无数据,暂无数据,89.87㎡,暂无数据,暂无数据,,2室2厅1厨1卫,103101742518,30,2017-09-21 14:00:36,2017-09-20,暂无数据,未上传房本照片,暂无数据,150,未知结构, ,https://hf.lianjia.com/ershoufang/103101742518.html,暂无数据,中楼层,暂无数据
南,一梯十四户,其他,0,15092,普通住宅,商品房,,暂无数据,暂无数据,66.26㎡,暂无数据,暂无数据,,2室1厅1厨1卫,103101745783,33,2017-09-21 14:00:36,2017-09-21,暂无数据,未上传房本照片,暂无数据,100,未知结构, ,https://hf.lianjia.com/ershoufang/103101745783.html,暂无数据,低楼层,暂无数据
南 北,一梯六户,其他,0,16610,普通住宅,商品房,,暂无数据,暂无数据,117.4㎡,暂无数据,塔楼,,3室2厅1厨1卫,103101745449,32,2017-09-21 14:00:36,2017-09-21,暂无数据,未上传房本照片,暂无数据,195,未知结构, ,https://hf.lianjia.com/ershoufang/103101745449.html,暂无数据,高楼层,暂无数据
西北,一梯十二户,其他,0,10769,普通住宅,商品房,,暂无数据,暂无数据,65㎡,暂无数据,塔楼,,1室1厅1厨1卫,103101745981,32,2017-09-21 14:00:36,2017-09-21,暂无数据,未上传房本照片,暂无数据,70,未知结构, ,https://hf.lianjia.com/ershoufang/103101745981.html,暂无数据,低楼层,暂无数据
南,四梯二十三户,其他,0,14377,普通住宅,商品房,,暂无数据,暂无数据,73.73㎡,有,板楼,,2室1厅1厨1卫,103101745086,30,2017-09-21 14:01:07,2017-09-21,暂无数据,未上传房本照片,暂无数据,106,钢混结构, ,https://hf.lianjia.com/ershoufang/103101745086.html,暂无数据,高楼层,暂无数据
南,一梯三户,其他,0,17686,普通住宅,商品房,,暂无数据,暂无数据,135.7㎡,暂无数据,暂无数据,,4室2厅1厨2卫,103101743953,28,2017-09-21 14:01:08,2017-09-20,暂无数据,未上传房本照片,暂无数据,240,钢混结构, ,https://hf.lianjia.com/ershoufang/103101743953.html,暂无数据,低楼层,暂无数据
南,四梯二十三户,其他,0,15116,普通住宅,商品房,,暂无数据,暂无数据,43㎡,有,板楼,,1室1厅1厨1卫,103101742432,30,2017-09-21 14:01:09,2017-09-20,暂无数据,未上传房本照片,暂无数据,65,钢混结构, ,https://hf.lianjia.com/ershoufang/103101742432.html,暂无数据,高楼层,暂无数据
南,一梯四户,其他,0,16352,普通住宅,商品房,,暂无数据,暂无数据,89.9㎡,暂无数据,塔楼,,2室2厅1厨1卫,103101742771,24,2017-09-21 14:01:09,2017-09-20,暂无数据,未上传房本照片,暂无数据,147,钢混结构, ,https://hf.lianjia.com/ershoufang/103101742771.html,暂无数据,中楼层,暂无数据
南,一梯十五户,其他,0,15060,普通住宅,商品房,,暂无数据,暂无数据,53.12㎡,暂无数据,板塔结合,,2室1厅1厨1卫,103101744142,28,2017-09-21 14:01:09,2017-09-20,暂无数据,未上传房本照片,暂无数据,80,钢混结构, ,https://hf.lianjia.com/ershoufang/103101744142.html,暂无数据,高楼层,暂无数据
南,一梯八户,其他,0,14925,普通住宅,回迁房,,暂无数据,暂无数据,67㎡,暂无数据,暂无数据,,2室1厅1厨1卫,103101745778,18,2017-09-21 14:01:09,2017-09-21,暂无数据,未上传房本照片,暂无数据,100,未知结构, ,https://hf.lianjia.com/ershoufang/103101745778.html,暂无数据,高楼层,暂无数据
南,一梯三户,其他,0,14530,普通住宅,商品房,,暂无数据,暂无数据,117㎡,暂无数据,塔楼,,3室2厅1厨1卫,103101743571,31,2017-09-21 14:01:10,2017-09-20,暂无数据,未上传房本照片,暂无数据,170,钢混结构, ,https://hf.lianjia.com/ershoufang/103101743571.html,暂无数据,中楼层,暂无数据
南,一梯十四户,其他,0,16000,普通住宅,商品房,,暂无数据,暂无数据,50㎡,暂无数据,暂无数据,,1室1厅1厨1卫,103101744425,31,2017-09-21 14:01:17,2017-09-20,暂无数据,未上传房本照片,暂无数据,80,未知结构, ,https://hf.lianjia.com/ershoufang/103101744425.html,暂无数据,高楼层,暂无数据
东,一梯二十四户,其他,0,19358,普通住宅,商品房,,非共有,暂无数据,55.79㎡,暂无数据,塔楼,,1室2厅1厨1卫,103101741602,28,2017-09-21 14:01:20,2017-09-20,2014-10-14,已上传房本照片,40.15㎡,108,钢混结构, ,https://hf.lianjia.com/ershoufang/103101741602.html,满两年,中楼层,暂无数据
南 北,一梯七户,其他,0,21605,普通住宅,商品房,,暂无数据,暂无数据,81㎡,暂无数据,暂无数据,,2室2厅1厨1卫,103101741980,17,2017-09-21 14:01:20,2017-09-20,暂无数据,未上传房本照片,暂无数据,175,未知结构, ,https://hf.lianjia.com/ershoufang/103101741980.html,暂无数据,高楼层,暂无数据
南,一梯八户,其他,0,15195,普通住宅,经济适用房,,非共有,暂无数据,62.52㎡,暂无数据,暂无数据,,2室1厅1厨1卫,103101742169,26,2017-09-21 14:01:20,2017-09-20,2011-12-31,已上传房本照片,暂无数据,95,未知结构, ,https://hf.lianjia.com/ershoufang/103101742169.html,满五年,低楼层,暂无数据
北,一梯二十三户,其他,0,21522,普通住宅,商品房,,暂无数据,暂无数据,38.1㎡,暂无数据,板塔结合,,1室1厅1厨1卫,103101742231,33,2017-09-21 14:01:20,2017-09-20,暂无数据,未上传房本照片,暂无数据,82,钢混结构, ,https://hf.lianjia.com/ershoufang/103101742231.html,暂无数据,低楼层,暂无数据
南,一梯十八户,其他,0,11575,普通住宅,商品房,,暂无数据,暂无数据,160.69㎡,暂无数据,塔楼,,3室2厅1厨1卫,103101742262,28,2017-09-21 14:01:21,2017-09-20,暂无数据,未上传房本照片,暂无数据,186,钢混结构, ,https://hf.lianjia.com/ershoufang/103101742262.html,暂无数据,中楼层,暂无数据
西北,一梯十六户,其他,0,17096,普通住宅,商品房,,暂无数据,暂无数据,36.85㎡,暂无数据,板塔结合,,1室1厅1厨1卫,103101742900,18,2017-09-21 14:01:21,2017-09-20,暂无数据,未上传房本照片,暂无数据,63,钢混结构, ,https://hf.lianjia.com/ershoufang/103101742900.html,暂无数据,中楼层,暂无数据
南,一梯四户,其他,0,13056,普通住宅,商品房,,暂无数据,暂无数据,180㎡,暂无数据,板楼,,3室2厅1厨2卫,103101742985,28,2017-09-21 14:01:21,2017-09-20,暂无数据,未上传房本照片,暂无数据,235,未知结构, ,https://hf.lianjia.com/ershoufang/103101742985.html,暂无数据,中楼层,暂无数据
南,一梯十户,其他,0,17391,普通住宅,商品房,,暂无数据,暂无数据,46㎡,暂无数据,塔楼,,1室0厅0厨1卫,103101742971,24,2017-09-21 14:01:21,2017-09-20,暂无数据,未上传房本照片,暂无数据,80,钢混结构, ,https://hf.lianjia.com/ershoufang/103101742971.html,暂无数据,高楼层,暂无数据
南,一梯十六户,其他,0,15541,普通住宅,商品房,,暂无数据,暂无数据,61.13㎡,暂无数据,塔楼,,1室1厅1厨1卫,103101743044,30,2017-09-21 14:01:22,2017-09-20,暂无数据,未上传房本照片,暂无数据,95,钢混结构, ,https://hf.lianjia.com/ershoufang/103101743044.html,暂无数据,中楼层,暂无数据
南 北,一梯两户,其他,0,17607,普通住宅,商品房,,暂无数据,暂无数据,83.49㎡,暂无数据,暂无数据,,3室1厅1厨1卫,103101742851,6,2017-09-21 14:01:22,2017-09-20,暂无数据,未上传房本照片,暂无数据,147,未知结构, ,https://hf.lianjia.com/ershoufang/103101742851.html,暂无数据,中楼层,暂无数据
南,一梯三户,其他,0,20690,普通住宅,商品房,,暂无数据,暂无数据,87㎡,暂无数据,塔楼,,2室2厅1厨1卫,103101744073,30,2017-09-21 14:01:22,2017-09-20,暂无数据,未上传房本照片,暂无数据,180,钢混结构, ,https://hf.lianjia.com/ershoufang/103101744073.html,暂无数据,低楼层,暂无数据
南,一梯四户,其他,0,21898,普通住宅,商品房,,暂无数据,暂无数据,82.2㎡,暂无数据,板塔结合,,3室2厅1厨1卫,103101743256,34,2017-09-21 14:01:22,2017-09-20,暂无数据,未上传房本照片,65.12㎡,180,钢混结构, ,https://hf.lianjia.com/ershoufang/103101743256.html,暂无数据,中楼层,暂无数据
南,一梯两户,其他,0,12755,普通住宅,商品房,,暂无数据,暂无数据,196㎡,暂无数据,板楼,,4室2厅1厨2卫,103101743758,6,2017-09-21 14:01:22,2017-09-20,暂无数据,未上传房本照片,暂无数据,250,钢混结构, ,https://hf.lianjia.com/ershoufang/103101743758.html,暂无数据,高楼层,暂无数据
南 北,一梯三户,其他,0,13851,普通住宅,商品房,,暂无数据,暂无数据,145.12㎡,暂无数据,板楼,,3室2厅1厨2卫,103101744428,29,2017-09-21 14:01:23,2017-09-20,暂无数据,未上传房本照片,暂无数据,201,未知结构, ,https://hf.lianjia.com/ershoufang/103101744428.html,暂无数据,中楼层,暂无数据
南,一梯四户,其他,0,22305,普通住宅,商品房,,暂无数据,暂无数据,80.7㎡,暂无数据,板塔结合,,3室2厅1厨1卫,103101744839,33,2017-09-21 14:01:23,2017-09-20,暂无数据,未上传房本照片,暂无数据,180,钢混结构, ,https://hf.lianjia.com/ershoufang/103101744839.html,暂无数据,高楼层,暂无数据
东,一梯四户,其他,0,23114,普通住宅,商品房,,暂无数据,暂无数据,82.2㎡,暂无数据,板塔结合,,2室1厅1厨1卫,103101745861,34,2017-09-21 14:01:23,2017-09-21,暂无数据,未上传房本照片,暂无数据,190,钢混结构, ,https://hf.lianjia.com/ershoufang/103101745861.html,暂无数据,中楼层,暂无数据
南,一梯四户,其他,0,19492,普通住宅,商品房,,暂无数据,暂无数据,89.78㎡,暂无数据,塔楼,,3室2厅1厨1卫,103101745730,34,2017-09-21 14:01:23,2017-09-21,暂无数据,未上传房本照片,暂无数据,175,钢混结构, ,https://hf.lianjia.com/ershoufang/103101745730.html,暂无数据,中楼层,暂无数据
南 北,一梯两户,其他,0,18316,普通住宅,商品房,,暂无数据,暂无数据,155.6㎡,暂无数据,板楼,,3室2厅1厨2卫,103101745919,10,2017-09-21 14:01:24,2017-09-21,暂无数据,未上传房本照片,暂无数据,285,钢混结构, ,https://hf.lianjia.com/ershoufang/103101745919.html,暂无数据,中楼层,暂无数据
南 北,一梯三户,其他,0,14490,普通住宅,商品房,,暂无数据,暂无数据,144.93㎡,暂无数据,板楼,,3室2厅1厨2卫,103101745979,28,2017-09-21 14:01:24,2017-09-21,暂无数据,未上传房本照片,暂无数据,210,未知结构, ,https://hf.lianjia.com/ershoufang/103101745979.html,暂无数据,高楼层,暂无数据
南,一梯五户,其他,0,12364,普通住宅,商品房,,暂无数据,暂无数据,68.75㎡,暂无数据,板塔结合,,2室1厅1厨1卫,103101745744,25,2017-09-21 14:01:31,2017-09-21,暂无数据,未上传房本照片,暂无数据,85,钢混结构, ,https://hf.lianjia.com/ershoufang/103101745744.html,暂无数据,低楼层,暂无数据
南,一梯两户,其他,0,14012,普通住宅,商品房,,暂无数据,暂无数据,92.78㎡,暂无数据,板塔结合,,2室2厅1厨1卫,103101742205,11,2017-09-21 14:01:37,2017-09-20,暂无数据,未上传房本照片,暂无数据,130,钢混结构, ,https://hf.lianjia.com/ershoufang/103101742205.html,暂无数据,中楼层,暂无数据
南,一梯五户,其他,0,13529,普通住宅,暂无数据,,暂无数据,暂无数据,85㎡,暂无数据,暂无数据,,2室2厅1厨1卫,103101744129,18,2017-09-21 14:01:38,2017-09-20,暂无数据,未上传房本照片,暂无数据,115,未知结构, ,https://hf.lianjia.com/ershoufang/103101744129.html,暂无数据,低楼层,暂无数据
东,一梯二十一户,其他,0,15494,普通住宅,商品房,,暂无数据,暂无数据,46.47㎡,暂无数据,板楼,,1室1厅1厨1卫,103101743943,30,2017-09-21 14:01:44,2017-09-20,暂无数据,未上传房本照片,暂无数据,72,未知结构, ,https://hf.lianjia.com/ershoufang/103101743943.html,暂无数据,低楼层,暂无数据
南,一梯两户,其他,0,13036,普通住宅,商品房,,暂无数据,暂无数据,112㎡,暂无数据,暂无数据,,3室2厅1厨1卫,103101742794,18,2017-09-21 14:01:44,2017-09-20,暂无数据,未上传房本照片,暂无数据,146,未知结构, ,https://hf.lianjia.com/ershoufang/103101742794.html,暂无数据,中楼层,暂无数据
南,一梯两户,其他,0,11538,普通住宅,已购公房,,暂无数据,暂无数据,65㎡,暂无数据,暂无数据,,2室2厅1厨1卫,103101741982,4,2017-09-21 14:01:44,2017-09-20,暂无数据,未上传房本照片,暂无数据,75,未知结构, ,https://hf.lianjia.com/ershoufang/103101741982.html,暂无数据,中楼层,暂无数据
南,一梯三户,其他,0,13537,普通住宅,回迁房,,暂无数据,暂无数据,103.42㎡,暂无数据,暂无数据,,3室2厅1厨1卫,103101742390,18,2017-09-21 14:01:44,2017-09-20,暂无数据,未上传房本照片,暂无数据,140,未知结构, ,https://hf.lianjia.com/ershoufang/103101742390.html,暂无数据,低楼层,暂无数据
南,一梯两户,其他,0,13483,普通住宅,商品房,,暂无数据,暂无数据,92.71㎡,暂无数据,板楼,,2室2厅1厨1卫,103101744087,6,2017-09-21 14:01:44,2017-09-20,暂无数据,未上传房本照片,暂无数据,125,钢混结构, ,https://hf.lianjia.com/ershoufang/103101744087.html,暂无数据,中楼层,暂无数据
南,一梯七户,其他,0,15451,普通住宅,商品房,,暂无数据,暂无数据,80.9㎡,暂无数据,板楼,,2室1厅1厨1卫,103101745891,18,2017-09-21 14:01:44,2017-09-21,暂无数据,未上传房本照片,暂无数据,125,钢混结构, ,https://hf.lianjia.com/ershoufang/103101745891.html,暂无数据,高楼层,暂无数据
南 北,一梯三户,其他,0,18227,普通住宅,商品房,,暂无数据,暂无数据,68.58㎡,有,塔楼,,2室2厅1厨1卫,103101746098,11,2017-09-21 14:01:45,2017-09-21,暂无数据,未上传房本照片,暂无数据,125,钢混结构, ,https://hf.lianjia.com/ershoufang/103101746098.html,暂无数据,高楼层,暂无数据
南,一梯两户,其他,0,13614,普通住宅,商品房,,暂无数据,暂无数据,84.47㎡,暂无数据,暂无数据,,2室2厅1厨1卫,103101746165,6,2017-09-21 14:01:45,2017-09-21,暂无数据,未上传房本照片,暂无数据,115,未知结构, ,https://hf.lianjia.com/ershoufang/103101746165.html,暂无数据,低楼层,暂无数据
南,两梯四户,其他,0,16484,普通住宅,商品房,,非共有,暂无数据,81.9㎡,有,板楼,,2室2厅1厨1卫,103101742076,34,2017-09-21 14:01:52,2017-09-20,2012-02-22,已上传房本照片,暂无数据,135,钢混结构, ,https://hf.lianjia.com/ershoufang/103101742076.html,满五年,高楼层,暂无数据
南 北,一梯四户,其他,0,10923,普通住宅,商品房,,暂无数据,暂无数据,130㎡,暂无数据,板塔结合,,3室2厅1厨1卫,103101745629,30,2017-09-21 14:02:12,2017-09-21,暂无数据,未上传房本照片,暂无数据,142,钢混结构, ,https://hf.lianjia.com/ershoufang/103101745629.html,暂无数据,低楼层,暂无数据
北,一梯二十九户,其他,0,14295,普通住宅,商品房,,暂无数据,暂无数据,30.08㎡,暂无数据,板楼,,1室1厅1厨1卫,103101742637,23,2017-09-21 14:02:22,2017-09-20,暂无数据,未上传房本照片,暂无数据,43,未知结构, ,https://hf.lianjia.com/ershoufang/103101742637.html,暂无数据,中楼层,暂无数据
南 北,一梯三户,其他,0,14000,普通住宅,商品房,,暂无数据,暂无数据,110㎡,暂无数据,板楼,,3室2厅1厨1卫,103101741544,11,2017-09-21 14:02:22,2017-09-20,暂无数据,未上传房本照片,暂无数据,154,未知结构, ,https://hf.lianjia.com/ershoufang/103101741544.html,暂无数据,低楼层,暂无数据
南,一梯四户,其他,0,15657,普通住宅,商品房,,暂无数据,暂无数据,83.03㎡,暂无数据,板楼,,2室2厅1厨1卫,103101745604,34,2017-09-21 14:02:23,2017-09-21,暂无数据,未上传房本照片,暂无数据,130,钢混结构, ,https://hf.lianjia.com/ershoufang/103101745604.html,暂无数据,高楼层,暂无数据
南,一梯两户,其他,0,15430,普通住宅,商品房,,暂无数据,暂无数据,84.25㎡,暂无数据,暂无数据,,2室2厅1厨1卫,103101743000,6,2017-09-21 14:02:23,2017-09-20,暂无数据,未上传房本照片,暂无数据,130,未知结构, ,https://hf.lianjia.com/ershoufang/103101743000.html,暂无数据,低楼层,暂无数据
南,一梯十七户,其他,0,17674,普通住宅,商品房,,暂无数据,暂无数据,56.58㎡,暂无数据,板楼,,2室2厅1厨1卫,103101745624,32,2017-09-21 14:02:23,2017-09-21,暂无数据,未上传房本照片,暂无数据,100,未知结构, ,https://hf.lianjia.com/ershoufang/103101745624.html,暂无数据,低楼层,暂无数据
南,一梯两户,其他,0,16517,普通住宅,商品房,,暂无数据,暂无数据,89㎡,暂无数据,板塔结合,,3室2厅1厨1卫,103101741999,6,2017-09-21 14:02:30,2017-09-20,暂无数据,未上传房本照片,暂无数据,147,钢混结构, ,https://hf.lianjia.com/ershoufang/103101741999.html,暂无数据,中楼层,暂无数据
南 北,一梯两户,其他,0,14211,普通住宅,商品房,,暂无数据,暂无数据,89.37㎡,暂无数据,板塔结合,,2室2厅1厨1卫,103101743678,6,2017-09-21 14:02:30,2017-09-20,暂无数据,未上传房本照片,暂无数据,127,钢混结构, ,https://hf.lianjia.com/ershoufang/103101743678.html,暂无数据,低楼层,暂无数据
南,一梯四户,其他,0,15464,普通住宅,商品房,,暂无数据,暂无数据,97㎡,暂无数据,暂无数据,,3室2厅1厨1卫,103101744920,34,2017-09-21 14:02:30,2017-09-21,暂无数据,未上传房本照片,暂无数据,150,未知结构, ,https://hf.lianjia.com/ershoufang/103101744920.html,暂无数据,高楼层,暂无数据
南,一梯四户,其他,0,14026,普通住宅,商品房,,暂无数据,暂无数据,89.12㎡,暂无数据,板塔结合,,2室2厅1厨1卫,103101745408,18,2017-09-21 14:02:30,2017-09-21,暂无数据,未上传房本照片,暂无数据,125,钢混结构, ,https://hf.lianjia.com/ershoufang/103101745408.html,暂无数据,低楼层,暂无数据
南 北,一梯两户,其他,0,14743,普通住宅,商品房,,暂无数据,暂无数据,88.18㎡,暂无数据,板塔结合,,2室2厅1厨1卫,103101745984,6,2017-09-21 14:02:31,2017-09-21,暂无数据,未上传房本照片,暂无数据,130,钢混结构, ,https://hf.lianjia.com/ershoufang/103101745984.html,暂无数据,高楼层,暂无数据
南,一梯四户,其他,0,16026,普通住宅,商品房,,共有,暂无数据,78㎡,暂无数据,板楼,,2室2厅1厨1卫,103101742923,24,2017-09-21 14:02:37,2017-09-20,2015-07-30,已上传房本照片,70㎡,125,未知结构, ,https://hf.lianjia.com/ershoufang/103101742923.html,满两年,中楼层,暂无数据
南 北,一梯五户,其他,0,16489,普通住宅,商品房,,暂无数据,暂无数据,94㎡,暂无数据,塔楼,,3室2厅1厨1卫,103101743459,33,2017-09-21 14:02:37,2017-09-20,暂无数据,未上传房本照片,暂无数据,155,未知结构, ,https://hf.lianjia.com/ershoufang/103101743459.html,暂无数据,低楼层,暂无数据
南,一梯四户,其他,0,15557,普通住宅,商品房,,非共有,暂无数据,89.99㎡,暂无数据,板楼,,2室2厅1厨1卫,103101743792,24,2017-09-21 14:02:37,2017-09-20,2017-01-15,已上传房本照片,暂无数据,140,未知结构, ,https://hf.lianjia.com/ershoufang/103101743792.html,暂无数据,高楼层,暂无数据
南,一梯六户,其他,0,17903,普通住宅,商品房,,暂无数据,暂无数据,86.58㎡,暂无数据,塔楼,,2室2厅1厨1卫,103101745143,18,2017-09-21 14:02:37,2017-09-21,暂无数据,未上传房本照片,暂无数据,155,钢混结构, ,https://hf.lianjia.com/ershoufang/103101745143.html,暂无数据,中楼层,暂无数据
南,一梯四户,其他,0,16535,普通住宅,商品房,,暂无数据,暂无数据,127㎡,暂无数据,塔楼,,3室2厅1厨2卫,103101744653,18,2017-09-21 14:02:37,2017-09-20,暂无数据,未上传房本照片,暂无数据,210,未知结构, ,https://hf.lianjia.com/ershoufang/103101744653.html,暂无数据,中楼层,暂无数据
南,一梯六户,其他,0,15944,普通住宅,商品房,,暂无数据,暂无数据,73.38㎡,暂无数据,塔楼,,2室2厅1厨1卫,103101745382,24,2017-09-21 14:02:38,2017-09-21,暂无数据,未上传房本照片,暂无数据,117,未知结构, ,https://hf.lianjia.com/ershoufang/103101745382.html,暂无数据,高楼层,暂无数据
南,一梯六户,其他,0,17740,普通住宅,商品房,,暂无数据,暂无数据,73.28㎡,暂无数据,塔楼,,2室2厅1厨1卫,103101745502,24,2017-09-21 14:02:38,2017-09-21,暂无数据,未上传房本照片,暂无数据,130,未知结构, ,https://hf.lianjia.com/ershoufang/103101745502.html,暂无数据,高楼层,暂无数据
南,一梯十户,其他,0,14694,普通住宅,商品房,,暂无数据,暂无数据,49㎡,暂无数据,板楼,,1室1厅1厨1卫,103101745917,24,2017-09-21 14:02:38,2017-09-21,暂无数据,未上传房本照片,暂无数据,72,未知结构, ,https://hf.lianjia.com/ershoufang/103101745917.html,暂无数据,低楼层,暂无数据
南,一梯四户,其他,0,10744,普通住宅,暂无数据,,暂无数据,暂无数据,84.7㎡,暂无数据,暂无数据,,2室2厅1厨1卫,103101742568,34,2017-09-21 14:02:42,2017-09-20,暂无数据,未上传房本照片,暂无数据,91,未知结构, ,https://hf.lianjia.com/ershoufang/103101742568.html,暂无数据,中楼层,暂无数据
南,一梯四户,其他,0,11294,普通住宅,商品房,,暂无数据,暂无数据,85㎡,暂无数据,板塔结合,,2室1厅1厨1卫,103101743029,33,2017-09-21 14:02:42,2017-09-20,暂无数据,未上传房本照片,暂无数据,96,钢混结构, ,https://hf.lianjia.com/ershoufang/103101743029.html,暂无数据,低楼层,暂无数据
南,一梯六户,其他,0,11256,普通住宅,商品房,,暂无数据,暂无数据,93.28㎡,暂无数据,暂无数据,,3室2厅1厨1卫,103101743559,30,2017-09-21 14:02:42,2017-09-20,暂无数据,未上传房本照片,暂无数据,105,未知结构, ,https://hf.lianjia.com/ershoufang/103101743559.html,暂无数据,低楼层,暂无数据
南,一梯四户,其他,0,12967,普通住宅,商品房,,暂无数据,暂无数据,91㎡,暂无数据,塔楼,,3室2厅1厨1卫,103101743845,35,2017-09-21 14:02:42,2017-09-20,暂无数据,未上传房本照片,暂无数据,118,砖混结构, ,https://hf.lianjia.com/ershoufang/103101743845.html,暂无数据,高楼层,暂无数据
